ABAKAILE,Abakaile
ABOGETA EAST,Abogeta East
ABOGETA WEST,Abogeta West
ABOTHUGUCHI CENTRAL,Abothuguchi Central
ABOTHUGUCHI WEST,Abothuguchi West
ADAMASAJIDE,Adamasajide
ADU,Adu
AGENG'A NANGUBA,Ageng'a Nanguba
AGUTHI-GAAKI,Aguthi - Gaaki
AHERO,Ahero
AINABKOI/OLARE,Ainabkoi / Olare
AINAMOI,Ainamoi
AIRBASE,Airbase
AIRPORT,Airport
AKACHIU,Akachiu
AKIRANG'ONDU,Akirang'ondu
AKITHII,Akithii
ALALE,Alale
ALANGO GOF,Alango Gof
AMALO,Amalo
AMUKURA CENTRAL,Amukura Central
AMUKURA EAST,Amukura East
AMUKURA WEST,Amukura West
AMWATHI,Amwathi
ANG'OROM,Ang'orom
ANG'URAI EAST,Ang'urai East
ANG'URAI NORTH,Ang'urai North
ANG'URAI SOUTH,Ang'urai South
ANGATA BARIKOI,Angata Barikoi
ANGATA NANYOKIE,Angata Nanyokie
ANTUAMBUI,Antuambui
ANTUBETWE KIONGO,Antubetwe Kiongo
ARABIA,Arabia
ARBAJAHAN,Arbajahan
ARROR,Arror
ASHABITO,Ashabito
ATHI,Athi
ATHI RIVER,Athi River
ATHIRU GAITI,Athiru Gaiti
ATHIRU RUUJINE,Athiru Ruujine
ATHWANA,Athwana
AWASI/ONJIKO,Awasi / Onjiko
BAAWA,Baawa
BABA DOGO,Babadogo
BAHARI,Bahari
BAHATI,Bahati
BALAMBALA,Balambala
BAMBA,Bamba
BAMBURI,Bamburi
BANGALE,Bangale
BANISSA,Banissa
BANJA,Banja
BARAGWI,Baragwi
BARAKI,Baraki
BARTABWA,Bartabwa
BARUT,Barut
BARWAGO,Barwago
BARWESSA,Barwessa
BASI CENTRAL,Basi Central
BASUBA,Basuba
BATALU,Batalu
BATEI,Batei
BENANE,Benane
BIASHARA,Biashara
BIBIRIONI,Bibirioni
BIDII,Bidii
BIRONGO,Birongo
BOBARACHO,Bobaracho
BOBASI BOITANGARE,Bobasi / Boitangare
BOBASI CHACHE,Bobasi Chache
BOFU,Bofu
BOGEKA,Bogeka
BOGETENGA,Bogetenga
BOGIAKUMU,Bogiakumu
BOGICHORA,Bogichora
BOGUSERO,Bogusero
BOIKANG'A,Boikanga
BOITO,Boito
BOKEIRA,Bokeira
BOKIMONGE,Bokimonge
BOKOLI,Bokoli
BOMANI,Bomani
BOMARIBA,Bomariba
BOMBABA BORABU,Bombaba Borabu
BOMORENDA,Bomorenda
BOMWAGAMO,Bomwagamo
BONYAMATUTA,Bonyamatuta
BOOCHI BORABU,Boochi Borabu
BOOCHI/TENDERE,Boochi / Tendere
BORABU / CHITAGO,Borabu / Chitago
BOSAMARO,Bosamaro
BOSOTI/SENGERA,Bosoti / Sengera
BUKEMBE EAST,Bukembe East
BUKEMBE WEST,Bukembe West
BUKHAYO CENTRAL,Bukhayo Central
BUKHAYO EAST,Bukhayo East
BUKHAYO WEST,Bukhayo West
BUKIRA EAST,Bukira East
BULLA MPYA,Bulla Mpya
BULLA PESA,Bulla Pesa
BUMULA,Bumula
BUNYALA CENTRAL,Bunyala Central
BUNYALA EAST,Bunyala East
BUNYALA NORTH,Bunyala North
BUNYALA SOUTH,Bunyala South
BUNYALA WEST,Bunyala West
BURA,Bura
BURAT,Burat
BURDER,Burder
BURUMBA,Burumba
BUSALI,Busali
BUSIBWABO,Busibwabo
BUTALI/CHEGULO,Butali / Chegulo
BUTE,Bute
BUTIYE,Butiye
BUTSOTSO CENTRAL,Butsotso Central
BUTSOTSO EAST,Butsotso East
BUTSOTSO SOUTH,Butsotso South
BWAKE/LUUYA,Bwake / Luuya
BWIRI,Bwiri
CALIFORNIA,California
CENTRAL,Central
CENTRAL  WARD,Central
CENTRAL ALEGO,Central Alego
CENTRAL BUNYORE,Central Bunyore
CENTRAL GEM,Central Gem
CENTRAL KAMAGAMBO,Central Kamagambo
CENTRAL KANYAMKAGO,Central Kanyamkago
CENTRAL KASIPUL,Central Kasipul
CENTRAL KISUMU,Central Kisumu
CENTRAL MARAGOLI,Central Maragoli
CENTRAL NYAKACH,Central Nyakach
CENTRAL SAKWA,Central Sakwa
CENTRAL SEME,Central Seme
CHAANI,Chaani
CHAIK,Chaik
CHAKOL NORTH,Chakol North
CHAKOL SOUTH,Chakol South
CHALA,Chala
CHANGAMWE,Changamwe
CHANIA,Chania
CHARAGITA,Charagita
CHARI,Chari
CHASIMBA,Chasimba
CHAVAKALI,Chavakali
CHAWIA,Chawia
CHEBOIN,Cheboin
CHEBUNYO,Chebunyo
CHEKALINI,Chekalini
CHEMAGEL,Chemagel
CHEMANER,Chemaner
CHEMELIL,Chemelil
CHEMELIL/CHEMASE,Chemelil / Chemase
CHEMOSOT,Chemosot
CHEMUCHE,Chemuche
CHEMUNDU/KAPNG'ETUNY,Chemundu / Kapng'etuny
CHENGONI/SAMBURU,Chengoni / Samburu
CHEPARERIA,Chepareria
CHEPCHABAS,Chepchabas
CHEPCHOINA,Chepchoina
CHEPKORIO,Chepkorio
CHEPKUMIA,Chepkumia
CHEPKUNYUK,Chepkunyuk
CHEPLANGET,Cheplanget
CHEPSEON,Chepseon
CHEPSIRO/KIPTOROR,Chepsiro / Kiptoror
CHEPTAIS,Cheptais
CHEPTERWAI,Chepterwai
CHEPTIRET/KIPCHAMO,Cheptiret / Kipchamo
CHEPTORORIET/SERETUT,Cheptororiet / Seretut
CHEPYUK,Chepyuk
CHERAB,Cherab
CHERANG'ANY/CHEBORORWA,Cherang’any / Chebororwa
CHERANGANY/SUWERWA,Cherangany / Suwerwa
CHESIKAKI,Chesikaki
CHESOEN,Chesoen
CHEVAYWA,Chevaywa
CHEWANI,Chewani
CHEWELE,Chewele
CHIAKARIGA,Chiakariga
CHILCHILA,Chilchila
CHINGA,Chinga
CHOGORIA,Chogoria
CHULUNI,Chuluni
CHURO/AMAYA,Churo / Amaya
CIANDA,Cianda
CLAY CITY,Clay City
DABASO,Dabaso
DADAAB,Dadaab
DADAJA BULLA,Dadaja Bulla
DALALEKUTUK,Dalalekutuk
DAMAJALE,Damajale
DANABA,Danaba
DANDORA AREA I,Dandora Area I
DANDORA AREA II,Dandora Area II
DANDORA AREA III,Dandora Area III
DANDORA AREA IV,Dandora Area IV
DANDU,Dandu
DANYERE,Danyere
DEKAHARIA,Dekaharia
DELLA,Della
DERKHALE,Derkhale
DERTU,Dertu
DIIF,Diif
DUKANA,Dukana
DUNDORI,Dundori
DZOMBO,Dzombo
EAST ASEMBO,East Asembo
EAST GEM,East Gem
EAST KABRAS,East Kabras
EAST KAMAGAK,East Kamagak
EAST KAMAGAMBO,East Kamagambo
EAST KANO/WAWIDHI,East Kano / Wawidhi
EAST KANYAMKAGO,East Kanyamkago
EAST SANG'ALO,East Sang'alo
EAST SEME,East Seme
EAST UGENYA,East Ugenya
EAST WANGA,East Wanga
EASTLEIGH NORTH,Eastleigh North
EASTLEIGH SOUTH,Eastleigh South
EKALAKALA,Ekalakala
EKERENYO,Ekerenyo
EL-BARTA,El - Barta
ELBEN,Elben
ELBURGON,Elburgon
ELDAS,Eldas
ELEMENTAITA,Elementaita
ELGON,Elgon
ELNUR/TULA TULA,Elnur / Tula Tula
ELUGULU,Elugulu
ELWAK NORTH,Elwak North
ELWAK SOUTH,Elwak South
EMABUNGO,Emabungo
EMALI/MULALA,Emali / Mulala
EMBAKASI,Embakasi
EMBOBUT / EMBULOT,Embobut / Embulot
EMBOMOS,Embomos
EMINING,Emining
EMSOO,Emsoo
ENDAU/MALALANI,Endau / Malalani
ENDEBESS,Endebess
ENDO,Endo
ENDUGH,Endugh
ENGINEER,Engineer
ESISE,Esise
ETENJE,Etenje
EVURORE,Evurore
EWALEL/CHAPCHAP,Ewalel / Chapchap
EWUASO OoNKIDONG'I,Ewuaso Oo Nkidong'i
FAFI,Fafi
FAZA,Faza
FINO,Fino
FLAMINGO,Flamingo
FRERE TOWN,Frere Town
GACHUBA,Gachuba
GAICHANJIRU,Gaichanjiru
GAKAWA,Gakawa
GALBET,Galbet
GANDA,Ganda
GANGA,Ganga
GANYURE/WAGALLA,Ganyure / Wagalla
GANZE,Ganze
GARASHI,Garashi
GARBATULLA,Garba Tulla
GARSEN CENTRAL,Garsen Central
GARSEN NORTH,Garsen North
GARSEN SOUTH,Garsen South
GARSEN WEST,Garsen West
GATANGA,Gatanga
GATARAKWA,Gatarakwa
GATHANJI,Gathanji
GATHARA,Gathara
GATHIGIRIRI,Gathigiriri
GATIMU,Gatimu
GATINA,Gatina
GATITU/MURUGURU,Gatitu / Muruguru
GATONGORA,Gatongora
GATUANYAGA,Gatuanyaga
GATUNGA,Gatunga
GATURI,Gaturi
GATURI NORTH,Gaturi North
GATURI SOUTH,Gaturi South
GEMBE,Gembe
GESIMA,Gesima
GESUSU,Gesusu
GETA,Geta
GETENGA,Getenga
GIKONDI,Gikondi
GILGIL,Gilgil
GISAMBAI,Gisambai
GITARU,Gitaru
GITHABAI,Githabai
GITHER,Gither
GITHIGA,Githiga
GITHIORO,Githioro
GITHOBOKONI,Githobokoni
GITHUNGURI,Githunguri
GITHURAI,Githurai
GITOTHUA,Gitothua
GITUAMBA,Gituamba
GITUGI,Gitugi
GOD JOPE,God Jope
GODOMA,Godoma
GOKEHARAKA/GETAMBWEGA,Gokeharaka / Getambwega
GOLBO,Golbo
GOMBATO BONGWE,Gombato Bongwe
GONGONI,Gongoni
GOREALE,Goreale
GOT KACHOLA,Got Kachola
GUBA,Guba
GURAR,Gurar
GUTICHA,Guticha
GWASSI NORTH,Gwassi North
GWASSI SOUTH,Gwassi South
HABASSWEIN,Habasswein
HADADO/ATHIBOHOL,Hadado / Athibohol
HARAMBEE,Harambee
HEILLU/MANYATTA,Heillu / Manyatta
HELLS GATE,Hellsgate
HINDI,Hindi
HIRIMANI,Hirimani
HOMA BAY ARUJO,Homa Bay Arujo
HOMA BAY CENTRAL,Homa Bay Central
HOMA BAY EAST,Homa Bay East
HOMA BAY WEST,Homa Bay West
HONGWE,Hongwe
HOSPITAL,Hospital
HULUGHO,Hulugho
HURUMA,Huruma
IBENO,Ibeno
IBRAHIM URE,Ibrahim Ure
ICHAGAKI,Ichagaki
ICHUNI,Ichuni
IDAKHO CENTRAL,Idakho Central
IDAKHO EAST,Idakho East
IDAKHO NORTH,Idakho North
IDAKHO SOUTH,Idakho South
IFTIN,Iftin
IGAMBANG'OMBE,Igambang'ombe
IGEMBE EAST,Igembe East
IGOJI EAST,Igoji East
IGOJI WEST,Igoji West
IGWAMITI,Igwamiti
IJARA,Ijara
IKANGA/KYATUNE,Ikanga / Kyatune
IKINU,Ikinu
IKOMBE,Ikombe
IKUTHA,Ikutha
ILCHAMUS,Ilchamus
ILDAMAT,Ildamat
ILIMA,Ilima
ILKERIN,Ilkerin
ILLERET,Illeret
ILOODOKILANI,Iloodokilani
IMARA DAIMA,Imara Daima
IMARORO,Imaroro
INOI,Inoi
IRIA-INI,Iria - Ini
IRIAINI,Iriaini
ISIBANIA,Isibania
ISUKHA CENTRAL,Isukha Central
ISUKHA EAST,Isukha East
ISUKHA NORTH,Isukha North
ISUKHA SOUTH,Isukha South
ISUKHA WEST,Isukha West
ITHANGA,Ithanga
ITHIRU,Ithiru
ITIBO,Itibo
IVINGONI/NZAMBANI,Ivingoni / Nzambani
JARA JARA,Jarajara
JARAJILA,Jarajila
JARIBUNI,Jaribuni
JEPKOYAI,Jepkoyai
JILORE,Jilore
JOMVU KUU,Jomvu Kuu
JUJA,Juja
JUNDA,Junda
JUNJU,Junju
KAALENG/KAIKOR,Kaaleng / Kaikor
KABARE,Kabare
KABARNET,Kabarnet
KABARTONJO,Kabartonjo
KABARU,Kabaru
KABATINI,Kabatini
KABAZI,Kabazi
KABETE,Kabete
KABIANGA,Kabianga
KABIEMIT,Kabiemit
KABIRO,Kabiro
KABISAGA,Kabisaga
KABIYET,Kabiyet
KABONDO EAST,Kabondo East
KABONDO WEST,Kabondo West
KABONYO/KANYAGWAL,Kabonyo / Kanyagwal
KABUCHAI/CHWELE,Kabuchai / Chwele
KABULA,Kabula
KABUOCH SOUTH/PALA,Kabuoch South / Pala
KABWARENG,Kabwareng
KACHIEN'G,Kachieng'
KADZANDANI,Kadzandani
KAERIS,Kaeris
KAGAARI NORTH,Kagaari North
KAGAARI SOUTH,Kagaari South
KAGAN,Kagan
KAGUNDU-INI,Kagundu - Ini
KAHAWA,Kahawa
KAHAWA SUKARI,Kahawa / Sukari
KAHAWA WENDANI,Kahawa Wendani
KAHAWA WEST,Kahawa West
KAHUMBU,Kahumbu
KAIMBAGA,Kaimbaga
KAJULU,Kajulu
KAKRAO,Kakrao
KAKUMA,Kakuma
KAKUYUNI,Kakuyuni
KAKUZI/MITUBIRI,Kakuzi / Mitubiri
KALAMA,Kalama
KALAPATA,Kalapata
KALAWA,Kalawa
KALER,Kaler
KALIMONI,Kalimoni
KALOBEYEI,Kalobeyei
KALOKOL,Kalokol
KALOLENI,Kaloleni
KAMACHARIA,Kamacharia
KAMAGUT,Kamagut
KAMAHUHA,Kamahuha
KAMAKWA/MUKARO,Kamakwa / Mukaro
KAMARA,Kamara
KAMARINY,Kamariny
KAMASIAN,Kamasian
KAMBE/RIBE,Kambe / Ribe
KAMBITI,Kambiti
KAMBURU,Kamburu
KAMENU,Kamenu
KAMUKUYWA,Kamukuywa
KANAMKEMER,Kanamkemer
KANG'ATOTHA,Kang’atotha
KANGAI,Kangai
KANGARI,Kangari
KANGEMI,Kangemi
KANGETA,Kangeta
KANGUNDO CENTRAL,Kangundo Central
KANGUNDO EAST,Kangundo East
KANGUNDO NORTH,Kangundo North
KANGUNDO WEST,Kangundo West
KANJUIRI RANGE,Kanjuiri Range
KANUNI,Kanuni
KANYADOTO,Kanyadoto
KANYALUO,Kanyaluo
KANYAMWA KOLOGI,Kanyamwa Kologi
KANYAMWA KOSEWE,Kanyamwa Kosewe
KANYANGI,Kanyangi
KANYASA,Kanyasa
KANYEKINI,Kanyekini
KANYENYA-INI,Kanyenya - Ini
KANYIKELA,Kanyikela
KANZIKO,Kanziko
KAPCHEMUTWA,Kapchemutwa
KAPCHOK,Kapchok
KAPCHORUA,Kapchorua
KAPEDO/NAPEITOM,Kapedo / Napeitom
KAPENGURIA,Kapenguria
KAPKANGANI,Kapkangani
KAPKATENY,Kapkateny
KAPKATET,Kapkatet
KAPKUGERWET,Kapkugerwet
KAPKURES,Kapkures
KAPLAMAI,Kaplamai
KAPLELARTET,Kaplelartet
KAPLETUNDO,Kapletundo
KAPOMBOI,Kapomboi
KAPROPITA,Kapropita
KAPSABET,Kapsabet
KAPSAOS,Kapsaos
KAPSASIAN,Kapsasian
KAPSIMOTWO,Kapsimotwo
KAPSOIT,Kapsoit
KAPSOWAR,Kapsowar
KAPSOYA,Kapsoya
KAPSUSER,Kapsuser
KAPTAGAT,Kaptagat
KAPTAMA,Kaptama
KAPTARAKWA,Kaptarakwa
KAPTEL/KAMOIYWO,Kaptel / Kamoiywo
KAPTEMBWO,Kaptembwo
KAPTUMO-KABOI,Kaptumo / Kaboi
KAPUTIEI NORTH,Kaputiei North
KAPUTIR,Kaputir
KAPYEGO,Kapyego
KARAI,Karai
KARAMA,Karama
KARARE,Karare
KARATINA TOWN,Karatina Town
KARAU,Karau
KAREN,Karen
KARGI/SOUTH HORR,Kargi / South Horr
KARIARA,Kariara
KARIMA,Karima
KARINGANI,Karingani
KARIOBANGI NORTH,Kariobangi North
KARIOBANGI SOUTH,Kariobangi South
KARITI,Kariti
KARUMANDI,Karumandi
KARUNA/MEIBEKI,Karuna / Meibeki
KARURA,Karura
KARURI,Karuri
KASARANI,Kasarani
KASEI,Kasei
KASEMENI,Kasemeni
KASGUNGA,Kasgunga
KASIGAU,Kasigau
KASIKEU,Kasikeu
KATANGI,Katangi
KATHIANI CENTRAL,Kathiani Central
KATHONZWENI,Kathonzweni
KATILIA,Katilia
KATILU,Katilu
KAUWI,Kauwi
KAWANGWARE,Kawangware
KAYAFUNGO,Kayafungo
KAYOLE CENTRAL,Kayole Central
KAYOLE NORTH,Kayole North
KAYOLE SOUTH,Kayole South
KEDOWA/KIMUGUL,Kedowa / Kimugul
KEE,Kee
KEEKONYOKIE,Keekonyokie
KEGOGI,Kegogi
KEIYO,Keiyo
KEMBU,Kembu
KEMELOI-MARABA,Kemeloi - Maraba
KEMERA,Kemera
KENDU BAY TOWN,Kendu Bay Town
KENYAWA-POKA,Kenyawa - Poka
KERINGET,Keringet
KERIO DELTA,Kerio Delta
KERUGOYA,Kerugoya
KEUMBU,Keumbu
KEYIAN,Keyian
KHALABA,Khalaba
KHALALIO,Khalalio
KHASOKO,Khasoko
KHOLERA,Kholera
KHOROF/HARAR,Khorof / Harar
KIABONYORU,Kiabonyoru
KIAGU,Kiagu
KIAMAIKO,Kiamaiko
KIAMAINA,Kiamaina
KIAMBERE,Kiambere
KIAMOKAMA,Kiamokama
KIAMWANGI,Kiamwangi
KIANJAI,Kianjai
KIBARANI,Kibarani
KIBAUNI,Kibauni
KIBINGEI,Kibingei
KIBIRI,Kibiri
KIBIRICHIA,Kibirichia
KIBISH,Kibish
KIEGOI/ANTUBOCHIU,Kiegoi / Antubochiu
KIGANJO,Kiganjo
KIGANJO/MATHARI,Kiganjo / Mathari
KIGUCHWA,Kiguchwa
KIGUMO,Kigumo
KIHARA,Kihara
KIHINGO,Kihingo
KIHUMBU-INI,Kihumbu - Ini
KIIMA KIU/KALANZONI,Kiima Kiu / Kalanzoni
KIINE,Kiine
KIIRUA/NAARI,Kiirua / Naari
KIJABE,Kijabe
KIKUMBULYU NORTH,Kikumbulyu North
KIKUMBULYU SOUTH,Kikumbulyu South
KIKUYU,Kikuyu
KILELESHWA,Kileleshwa
KILGORIS CENTRAL,Kilgoris Central
KILIBWONI,Kilibwoni
KILIMANI,Kilimani
KILIWEHIRI,Kiliwehiri
KILUNGU,Kilungu
KIMAETI,Kimaeti
KIMANA,Kimana
KIMILILI,Kimilili
KIMININI,Kiminini
KIMINTET,Kimintet
KIMORORI/WEMPA,Kimorori / Wempa
KIMULOT,Kimulot
KIMUMU,Kimumu
KINAKOMBA,Kinakomba
KINALE,Kinale
KINANGO,Kinango
KINANIE,Kinanie
KINGANDOLE,Kingandole
KINNA,Kinna
KINONDO,Kinondo
KINOO,Kinoo
KINYONA,Kinyona
KINYORO,Kinyoro
KIOGORO,Kiogoro
KIOMO/KYETHANI,Kiomo / Kyethani
KIPCHEBOR,Kipchebor
KIPCHIMCHIM,Kipchimchim
KIPEVU,Kipevu
KIPINI EAST,Kipini East
KIPINI WEST,Kipini West
KIPIPIRI,Kipipiri
KIPKAREN,Kipkaren
KIPKELION,Kipkelion
KIPKENYO,Kipkenyo
KIPLOMBE,Kiplombe
KIPRERES,Kipreres
KIPSOMBA,Kipsomba
KIPSONOI,Kipsonoi
KIPTAGICH,Kiptagich
KIPTORORO,Kiptororo
KIRIITA,Kiriita
KIRIMARI,Kirimari
KIRIMUKUYU,Kirimukuyu
KIRU,Kiru
KISA CENTRAL,Kisa Central
KISA EAST,Kisa East
KISA NORTH,Kisa North
KISA WEST,Kisa west
KISANANA,Kisanana
KISASI,Kisasi
KISIARA,Kisiara
KISII CENTRAL,Kisii Central
KISIMA,Kisima
KISUMU NORTH,Kisumu North
KITENGELA,Kitengela
KITETA/KISAU,Kiteta - Kisau
KITHIMANI,Kithimani
KITHIMU,Kithimu
KITHUNGO/KITUNDU,Kithungo / Kitundu
KITISE/KITHUKI,Kitise / Kithuki
KITISURU,Kitisuru
KITUTU   CENTRAL,Kitutu Central
KIUNGA,Kiunga
KIUU,Kiuu
KIVAA,Kivaa
KIVOU,Kivou
KIVUMBINI,Kivumbini
KIWAWA,Kiwawa
KOBUJOI,Kobujoi
KOBURA,Kobura
KOCHIA,Kochia
KODICH,Kodich
KOIBATEK,Koibatek
KOJWACH,Kojwach
KOKWANYO/KAKELO,Kokwanyo / Kakelo
KOLA,Kola
KOLOWA,Kolowa
KOLWA CENTRAL,Kolwa Central
KOLWA EAST,Kolwa East
KOMAROCK,Komarock
KOMOTHAI,Komothai
KONDELE,Kondele
KONG'ASIS,Kong'asis
KONGONI,Kongoni
KONGOWEA,Kongowea
KONYU,Konyu
KOROGOCHO,Korogocho
KORONDILE,Korondile
KORR/NGURUNIT,Korr / Ngurunit
KOSIRAI,Kosirai
KOTARUK/LOBEI,Kotaruk / Lobei
KOYO-NDURIO,Koyo / Ndurio
KOYONZO,Koyonzo
KUBO SOUTH,Kubo South
KUINET/KAPSUSWA,Kuinet / Kapsuswa
KUKU,Kuku
KUNYAK,Kunyak
KURGUNG/SURUNGAI,Kurgung / Surungai
KUTULO,Kutulo
KWA,Kwa
KWA MUTONGA/KITHUMULA,Kwamutonga / Kithumula
KWA NJENGA,Kwa Njenga
KWA REUBEN,Kwa Reuben
KWABWAI,Kwabwai
KWANZA,Kwanza
KWARE,Kware
KWAVONZA/YATTA,Kwavonza / Yatta
KYANGWITHYA EAST,Kyangwithya East
KYANGWITHYA WEST,Kyangwithya West
KYELENI,Kyeleni
KYENI NORTH,Kyeni North
KYENI SOUTH,Kyeni South
KYOME/THAANA,Kyome / Thaana
KYUSO,Kyuso
LAFEY,Lafey
LAGBOGHOL SOUTH,Lagboghol South
LAGSURE,Lagsure
LAINI SABA,Laini Saba
LAISAMIS,Laisamis
LAKE VIEW,Lake View
LAKE ZONE,Lakezone
LAKOLEY SOUTH/BASIR,Lakoley South / Basir
LAMBWE,Lambwe
LANDIMAWE,Landimawe
LANET/UMOJA,Lanet / Umoja
LANGAS,Langas
LAPUR,Lapur
LARE,Lare
LARI/KIRENGA,Lari / Kirenga
LELAN,Lelan
LEMBUS,Lembus
LEMBUS KWEN,Lembus Kwen
LEMBUS/PERKERRA,Lembus / Perkerra
LESHAU/PONDO,Leshau / Pondo
LETEA,Letea
LIBEHIA,Libehia
LIBOI,Liboi
LIKONI,Likoni
LIKUYANI,Likuyani
LIMURU CENTRAL,Limuru Central
LIMURU EAST,Limuru East
LINDI,Lindi
LITEIN,Litein
LOBOKAT,Lobokat
LODOKEJEK,Lodokejek
LODWAR TOWNSHIP,Lodwar Township
LOGO LOGO,Logologo
LOIMA,Loima
LOITA,Loita
LOIYANGALANI,Loiyangalani
LOKICHAR,Lokichar
LOKICHOGGIO,Lokichoggio
LOKIRIAMA/LORENGIPPI,Lokiriama / Lorengippi
LOKORI/KOCHODIN,Lokori / Kochodin
LOLGORIAN,Lolgorian
LOMUT,Lomut
LONDIANI,Londiani
LONDON,London
LONGISA,Longisa
LOOSUK,Loosuk
LOPUR,Lopur
LOWER KAEWA/KAANI,Lower Kaewa / Kaani
LUANDA SOUTH,Luanda South
LUANDA TOWNSHIP,Luanda Township
LUCKY SUMMER,Lucky Summer
LUNGALUNGA,Lunga Lunga
LUGAGA-WAMULUMA,Lugaga - Wamuluma
LUGARI,Lugari
LUMAKANDA,Lumakanda
LUSHEYA/LUBINU,Lusheya / Lubinu
LWANDANYI,Lwandanyi
LWANDETI,Lwandeti
LYADUYWA/IZAVA,Lyaduywa / Izava
MABATINI,Mabatini
MACALDER/KANYARWANDA,Macalder / Kanyarwanda
MACHAKOS CENTRAL,Machakos Central
MACHEWA,Machewa
MADOGO,Madogo
MAENI,Maeni
MAGADI,Magadi
MAGARINI,Magarini
MAGENCHE,Magenche
MAGOGONI,Magogoni
MAGOMBO,Magombo
MAGUMONI,Magumoni
MAGUMU,Magumu
MAGUTU,Magutu
MAGWAGWA,Magwagwa
MAHIAKALO,Mahiakalo
MAHIGA,Mahiga
MAHOO,Mahoo
MAI MAHIU,Mai mahiu
MAIELLA,Maiella
MAIKONA,Maikona
MAJENGO,Majengo
MAJIMOTO/NAROOSURA,Maji Moto / Naroosura
MAJOGE BASI,Majoge Basi
MAKIMA,Makima
MAKINA,Makina
MAKINDU,Makindu
MAKONGENI,Makongeni
MAKUTANO,Makutano
MAKUTANO/ MWALA,Makutano / Mwala
MAKUYU,Makuyu
MALABA CENTRAL,Malaba Central
MALABA NORTH,Malaba North
MALABA SOUTH,Malaba South
MALAHA/ISONGO/MAKUNGA,Malaha / Isongo / Makun ga
MALAKISI/SOUTH KULISIRU,Malakisi / South Kulisiru
MALEWA WEST,Malewa West
MALINDI TOWN,Malindi Town
MALKAGUFU,Malkagufu
MALKAMARI,Malkamari
MANDA-SHIVANGA,Manda - Shivanga
MANG'U,Mang’u
MANGA,Manga
MANYATTA 'B',Manyatta B
MARA,Mara
MARACHI CENTRAL,Marachi Central
MARACHI EAST,Marachi East
MARACHI NORTH,Marachi North
MARACHI WEST,Marachi West
MARAFA,Marafa
MARAKA,Maraka
MARAKARU/TUUTI,Marakaru / Tuuti
MARALAL,Maralal
MARAMA CENTRAL,Marama Central
MARAMA NORTH,Marama North
MARAMA SOUTH,Marama South
MARAMA WEST,Marama West
MARANI,Marani
MARENYO - SHIANDA,Marenyo - Shianda
MARIAKANI,Mariakani
MARIANI,Mariani
MARIASHONI,Mariashoni
MARIGAT,Marigat
MARIMANTI,Marimanti
MARINGO/HAMZA,Maringo / Hamza
MARKET MILIMANI,Market Milimani
MARMANET,Marmanet
MARSABIT CENTRAL,Marsabit Central
MARUNGU,Marungu
MASABA,Masaba
MASALANI,Masalani
MASIGE EAST,Masige East
MASIGE WEST,Masige West
MASII,Masii
MASIMBA,Masimba
MASINGA CENTRAL,Masinga Central
MASOGO/NYANG'OMA,Masogo / Nyang'oma
MASONGALENI,Masongaleni
MASOOL,Masool
MATA,Mata
MATAPATO NORTH,Matapato North
MATAPATO SOUTH,Matapato South
MATAYOS SOUTH,Matayos South
MATHARE NORTH,Mathare North
MATINYANI,Matinyani
MATISI,Matisi
MATOPENI/SPRING VALLEY,Matopeni / Spring Valley
MATSANGONI,Matsangoni
MATULO,Matulo
MATUMBEI,Matumbei
MATUNGULU EAST,Matungulu East
MATUNGULU NORTH,Matungulu North
MATUNGULU WEST,Matungulu West
MATUU,Matuu
MAU NAROK,Mau Narok
MAUA,Maua
MAUCHE,Mauche
MAUTUMA,Mautuma
MAVINDINI,Mavindini
MAVURIA,Mavuria
MAYENJE,Mayenje
MAYONI,Mayoni
MBAKALO,Mbakalo
MBARUK/EBURU,Mbaruk / Eburu
MBETI NORTH,Mbeti North
MBETI SOUTH,Mbeti South
MBEU,Mbeu
MBIRI,Mbiri
MBIRIKANI/ESELENKEI,Imbirikani / Eselenkei
MBITINI,Mbitini
MBIUNI,Mbiuni
MBOGHONI,Mboghoni
MBOLOLO,Mbololo
MBOONI,Mbooni
MEGUN,Megun
MEKENENE,Mekenene
MELELO,Melelo
MELILI,Melili
MENENGAI,Menengai
MENENGAI WEST,Menengai west
MERIGI,Merigi
METKEI,Metkei
MFANGANO ISLAND,Mfangano Island
MIAMBANI,Miambani
MIGOSI,Migosi
MIGWANI,Migwani
MIHANGO,Mihango
MIHUU,Mihuu
MIKINDANI,Mikindani
MIKINDUNI,Mikinduni
MIKINDURI,Mikinduri
MILIMA,Milima
MIRANGINE,Mirangine
MIRITINI,Miritini
MISIKHU,Misikhu
MITABONI,Mitaboni
MITHERU,Mitheru
MITUNGUU,Mitunguu
MIWANI,Miwani
MJAMBERE,Mjambere
MJI WA KALE/MAKADARA,Mji wa Kale / Makadara
MKOMANI,Mkomani
MKONGANI,Mkongani
MKUNUMBI,Mkunumbi
MLANGO KUBWA,Mlango Kubwa
MNAGEI,Mnagei
MNARANI,Mnarani
MOCHONGOI,Mochongoi
MODOGASHE,Modogashe
MOGOGOSIEK,Mogogosiek
MOGONDO,Mogondo
MOGOTIO,Mogotio
MOI'S BRIDGE,Moi's Bridge
MOIBEN,Moiben
MOIBEN/KUSERWO,Moiben / Kuserwo
MOLO,Molo
MONYERERO,Monyerero
MOSIRO,Mosiro
MOSOP,Mosop
MOTICHO,Moticho
MOTOSIET,Motosiet
MOUNTAIN VIEW,Mountain View
MOWLEM,Mowlem
MOYALE TOWNSHIP,Moyale Township
MTEPENI,Mtepeni
MTITO ANDEI,Mtito Andei
MTONGWE,Mtongwe
MTOPANGA,Mtopanga
MUA,Mua
MUCHATHA,Muchatha
MUGOGODO EAST,Mugogodo East
MUGOGODO WEST,Mugogodo West
MUGOIRI,Mugoiri
MUGUGA,Muguga
MUGUMO-INI,Mugumo - Ini
MUGUNDA,Mugunda
MUGURU,Muguru
MUGWE,Mugwe
MUHORONI/KORU,Muhoroni Koru
MUHUDU,Muhudu
MUHURU,Muhuru
MUI,Mui
MUKAA,Mukaa
MUKOTHIMA,Mukothima
MUKURE,Mukure
MUKURWE-INI CENTRAL,Mukurwe - Ini Central
MUKURWE-INI WEST,Mukurwe - Ini West
MUKUTANI,Mukutani
MUKUYUNI,Mukuyuni
MULANGO,Mulango
MUMBERES/MAJI MAZURI,Mumberes / Maji Mazuri
MUMBUNI NORTH,Mumbuni North
MUMIAS CENTRAL,Mumias Central
MUMIAS NORTH,Mumias North
MUMINJI,Muminji
MUMONI,Mumoni
MUNGOMA,Mungoma
MUNICIPALITY,Municipality
MURARANDIA,Murarandia
MURERA,Murera
MURHANDA,Murhanda
MURINDUKO,Murinduko
MURUKA,Muruka
MURUNGARU,Murungaru
MUSANDA,Musanda
MUSIKOMA,Musikoma
MUTARAKWA,Mutarakwa
MUTHA,Mutha
MUTHAMBI,Muthambi
MUTHARA,Muthara
MUTHESYA,Muthesya
MUTHETHENI,Muthetheni
MUTHITHI,Muthithi
MUTHWANI,Muthwani
MUTIRA,Mutira
MUTITHI,Mutithi
MUTITUNI,Mutituni
MUTOMO,Mutomo
MUTONGUNI,Mutonguni
MUTU-INI,Mutu - ini
MUVUTI/KIIMA-KIMWE,Muvuti / Kiima - Kimwe
MWAKIRUNGE,Mwakirunge
MWANAMWINGA,Mwanamwinga
MWANDA/MGANGE,Mwanda / Mgange
MWANGANTHIA,Mwanganthia
MWARAKAYA,Mwarakaya
MWATATE,Mwatate
MWAVUMBO,Mwavumbo
MWAWESA,Mwawesa
MWEA,Mwea
MWEIGA,Mweiga
MWERENI,Mwereni
MWIBONA,Mwibona
MWIHOKO,Mwihoko
MWIKI,Mwiki
MWIMBI,Mwimbi
MWIYOGO/ENDARASHA,Mwiyogo / Endarasha
NAATHU,Naathu
NABISWA,Nabiswa
NACHOLA,Nachola
NACHU,Nachu
NAIKARRA,Naikarra
NAIROBI CENTRAL,Nairobi Central
NAIROBI SOUTH,Nairobi South
NAIROBI WEST,Nairobi West
NAITIRI/KABUYEFWE,Naitiri / Kabuyefwe
NAIVASHA EAST,Naivasha East
NAKALALE,Nakalale
NAKURU EAST,Nakuru East
NAMAMALI,Namamali
NAMBOBOTO NAMBUKU,Namboboto - Nambuku
NAMWELA,Namwela
NANAAM,Nanaam
NANDI HILLS,Nandi Hills
NANGINA,Nangina
NANIGHI,Nanighi
NANYUKI,Nanyuki
NAROK TOWN,Narok Town
NAROMORU KIAMATHAGA,Naromoru / Kiamathaga
NDALANI,Ndalani
NDALAT,Ndalat
NDALU/ TABANI,Ndalu
NDANAI/ABOSI,Ndanai / Abosi
NDARAWETA,Ndaraweta
NDAVAYA,Ndavaya
NDEIYA,Ndeiya
NDENDERU,Ndenderu
NDITHINI,Ndithini
NDIVISI,Ndivisi
NDOTO,Ndoto
NDUMBERI,Ndumberi
NEBOI,Neboi
NESSUIT,Nessuit
NG'ARARIA,Ng'araria
NGANDO,Ngando
NGARA,Ngara
NGARE MARA,Ngare Mara
NGARIAMA,Ngariama
NGECHA TIGONI,Ngecha Tigoni
NGEI,Ngei
NGENDA,Ngenda
NGENYILEL,Ngenyilel
NGERIA,Ngeria
NGEWA,Ngewa
NGINDA,Nginda
NGOBIT,Ngobit
NGOLIA,Ngolia
NGOLIBA,Ngoliba
NGOMENI,Ngomeni
NGONG,Ngong
NGUNI,Nguni
NGUU/MASUMBA,Nguu / Masumba
NGUUMO,Nguumo
NGUUTANI,Nguutani
NJABINI\KIBURU,Njabini / Kiburu
NJIA,Njia
NJIRU,Njiru
NJORO,Njoro
NKAIMURUNYA,Nkaimurunya
NKARETA,Nkareta
NKOMO,Nkomo
NKONDI,Nkondi
NKUENE,Nkuene
NORTH ALEGO,North Alego
NORTH EAST BUNYORE,North East Bunyore
NORTH GEM,North Gem
NORTH HORR,North Horr
NORTH KADEM,North Kadem
NORTH KAMAGAMBO,North Kamagambo
NORTH KANYAMKAGO,North Kanyamkago
NORTH KARACHUONYO,North Karachuonyo
NORTH KINANGOP,North Kinangop
NORTH MARAGOLI,North Maragoli
NORTH NYAKACH,North Nyakach
NORTH SAKWA,North Sakwa
NORTH SEME,North Seme
NORTH UGENYA,North Ugenya
NORTH UYOMA,North Uyoma
NORTH WEST KISUMU,North West Kisumu
NTHAWA,Nthawa
NTIMA EAST,Ntima East
NTIMA WEST,Ntima West
NTIMARU EAST,Ntimaru East
NTIMARU WEST,Ntimaru West
NTUNENE,Ntunene
NUU,Nuu
NYABASI EAST,Nyabasi East
NYABASI WEST,Nyabasi West
NYACHEKI,Nyacheki
NYADHUNA,Nyadhuna
NYAKI EAST,Nyaki East
NYAKI WEST,Nyaki West
NYAKIO,Nyakio
NYAKOE,Nyakoe
NYALENDA 'A',Nyalenda A
NYALENDA B,Nyalenda B
NYAMAIYA,Nyamaiya
NYAMASIBI,Nyamasibi
NYAMOSENSE/KOMOSOKO,Nyamosense / Komosoko
NYANDUMA,Nyanduma
NYANGATI,Nyangati
NYANGORES,Nyangores
NYANSIONGO,Nyansiongo
NYATIEKO,Nyatieko
NYAYO HIGHRISE,Nyayo Highrise
NYIRO,Nyiro
NYOTA,Nyota
NZAMBANI,Nzambani
NZAUI/KILILI/KALAMBA,Nzaui / Kilili / Kalamba
NZOIA,Nzoia
OBBU,Obbu
OL'LESSOS,Ol'lessos
OL-MORAN,Ol - Moran
OLDO/NYIRO,Oldo / Nyiro
OLKARIA,Olkaria
OLKERI,Olkeri
OLOKURTO,Olokurto
OLOLULUNG'A,Ololulung'a
OLOOLUA,Oloolua
OLOOSIRKON/SHOLINKE,Oloosirkon / Sholinke
OLORROPIL,Olorropil
OLOlMASANI,Ololmasani
OMBEYI,Ombeyi
ONGATA RONGAI,Ongata Rongai
PANGANI,Pangani
PARKLANDS/HIGHRIDGE,Parklands / Highridge
PIPELINE,Pipeline
PONGWE/KIKONENI,Pongwe / Kikoneni
PORT REITZ,Port Reitz
PUMA,Puma
PUMWANI,Pumwani
PURKO,Purko
RABAI/KISURUTINI,Rabai / Kisurutini
RACECOURSE,Racecourse
RAGANA-ORUBA,Ragana - Oruba
RAILWAYS,Railways
RAMISI,Ramisi
RAVINE,Ravine
RHAMU,Rhamu
RHAMU-DIMTU,Rhamu Dimtu
RHODA,Rhoda
RIABAI,Riabai
RIANA,Riana
RIBKWO,Ribkwo
RIGOMA,Rigoma
RIRUTA,Riruta
RIWO,Riwo
ROMBO,Rombo
RONG'E,Ronge
RONGENA/MANARET,Rongena / Manaret
ROYSAMBU,Roysambu
RUAI,Ruai
RUCHU,Ruchu
RUGI,Rugi
RUGURU,Ruguru
RUGURU/NGANDORI,Ruguru - Ngandori
RUIRI/RWARERA,Ruiri / Rwarera
RUMURUTI TOWNSHIP,Rumuruti Township
RURII,Rurii
RURING'U,Ruring'u
RURUMA,Ruruma
RUSINGA ISLAND,Rusinga Island
RWARE,Rware
RWATHIA,Rwathia
SABAKI,Sabaki
SABENA,Sabena
SABOTI,Saboti
SACHO,Sacho
SAGAMIAN,Sagamian
SAGANTE/JALDESA,Sagante / Jaldesa
SAIMO/KIPSARAMAN,Saimo / Kipsaraman
SAIMO/SOI,Saimo / Soi
SAKA  ,Saka
SALA,Sala
SALAMA,Salama
SAMBIRIR,Sambirir
SAMETA/MOKWERERO,Sameta / Mokwerero
SANGAILU,Sangailu
SANGALO/KEBULONIK,Sangalo / Kebulonik
SANGO,Sango
SANKURI,Sankuri
SARANGOMBE,Sarang'ombe
SARMAN,Sarman
SEGERA,Segera
SEGERO/BARSOMBE,Segero / Barsombe
SEKERR,Sekerr
SENGWER,Sengwer
SENSI,Sensi
SERGOIT,Sergoit
SERICHO,Sericho
SHAABAB,Shaabab
SHAMAKHOKHO,Shamakhokho
SHAMATA,Shamata
SHANKOE,Shankoe
SHANZU,Shanzu
SHAURIMOYO KALOLENI,Shauri Moyo Kaloleni
SHELLA,Shella
SHEYWE,Sheywe
SHIKA ADABU,Shika Adabu
SHIMANZI/GANJONI,Shimanzi / Ganjoni
SHIMBIR FATUMA,Shimbir Fatuma
SHIMO LA TEWA,Shimo la Tewa
SHIRERE,Shirere
SHIRU,Shiru
SHIRUGU-MUGAI,Shirugu - Mugai
SIANA,Siana
SIAYA TOWNSHIP,Siaya Township
SIBOTI,Siboti
SIDINDI,Sidindi
SIGOMERE,Sigomere
SIGONA,Sigona
SIGOR,Sigor
SIGOWET,Sigowet
SIKHENDU,Sikhendu
SILALE,Silale
SILIBWET TOWNSHIP,Silibwet Township
SIMAT/KAPSERET,Simat / Kapseret
SINGORWET,Singorwet
SINOKO,Sinoko
SINYERERE,Sinyerere
SIONGIROI,Siongiroi
SIRENDE,Sirende
SIRIKWA,Sirikwa
SITATUNGA,Sitatunga
SITIKHO,Sitikho
SIYOI,Siyoi
SOGOO,Sogoo
SOIN,Soin
SOKOKE,Sokoke
SOKONI,Sokoni
SOLAI,Solai
SOLIAT,Soliat
SOLOLO,Sololo
SONGHOR/SOBA,Songhor / Soba
SONGOT,Songot
SOOK,Sook
SOSIAN,Sosian
SOUTH BUKUSU,South Bukusu
SOUTH C,South C
SOUTH EAST ALEGO,South East Alego
SOUTH EAST NYAKACH,South East Nyakach
SOUTH GEM,South Gem
SOUTH KABRAS,South Kabras
SOUTH KAMAGAMBO,South Kamagambo
SOUTH KANYAMKAGO,South Kanyamkago
SOUTH KASIPUL,South Kasipul
SOUTH MARAGOLI,South Maragoli
SOUTH SAKWA,South Sakwa
SOUTH UYOMA,South Uyoma
SOUTH WEST KISUMU,South West Kisumu
SOUTH WEST NYAKACH,South West Nyakach
SOY,Soy
SOY NORTH,Soy North
SOY SOUTH,Soy South
SOYSAMBU/ MITUA,Soysambu / Mitua
SUAM,Suam
SUBUKIA,Subukia
SUGUTA MARMAR,Suguta Marmar
SUNA CENTRAL,Suna Central
SUSWA,Suswa
SYOKIMAU/MULOLONGO,Syokimau / Mulolongo
TABAKA,Tabaka
TAGARE,Tagare
TAKABA,Takaba
TAKABA SOUTH,Takaba South
TALA,Tala
TAMBACH,Tambach
TAMBUA,Tambua
TANGULBEI/KOROSSI,Tangulbei / Korossi
TAPACH,Tapach
TAPSAGOI,Tapsagoi
TARAKWA,Tarakwa
TARBAJ,Tarbaj
TEBERE,Tebere
TEBESONIK,Tebesonik
TEMBELIO,Tembelio
TENDENO/SORGET,Tendeno / Sorget
TENGES,Tenges
TERIK,Terik
TEZO,Tezo
THANGATHA,Thangatha
THANGE,Thange
THARAKA,Tharaka
THEGU RIVER,Thegu River
THETA,Theta
THIBA,Thiba
THINGITHU,Thingithu
TIGITHI,Tigithi
TIMAU,Timau
TIMBWANI,Timbwani
TINET,Tinet
TING'ANG'A,Ting’ang’a
TIRIOKO,Tirioko
TIWI,Tiwi
TONGAREN,Tongaren
TONONOKA,Tononoka
TOWNSHIP,Township
TSEIKURU,Tseikuru
TSIMBA GOLINI,Tsimba Golini
TUDOR,Tudor
TULIMANI,Tulimani
TURBI,Turbi
TURI,Turi
TURKWEL,Turkwel
TUWANI,Tuwani
UGUNJA,Ugunja
UKIA,Ukia
UKUNDA,Ukunda
UKWALA,Ukwala
UMANDE,Umande
UMOJA I,Umoja I
UMOJA II,Umoja II
UPPER KAEWA/IVETI,Upper Kaewa / Iveti
URAN,Uran
USONGA,Usonga
UTALII,Utalii
UTAWALA,Utawala
UTHIRU,Uthiru
UTHIRU/RUTHIMITU,Uthiru / Ruthimitu
VANGA,Vanga
VISOI,Visoi
VIWANDANI,Viwandani
VOO/KYAMATU,Voo / Kyamatu
WAA,Waa
WABERA,Wabera
WABERI,Waberi
WAGBERI,Wagberi
WAIA-KAKO,Waia - Kako
WAITA,Waita
WAITALUK,Waitaluk
WAITHAKA,Waithaka
WALDAI,Waldai
WAMAGANA,Wamagana
WAMBA EAST,Wamba East
WAMBA NORTH,Wamba North
WAMBA WEST,Wamba West
WAMUMU,Wamumu
WAMUNYU,Wamunyu
WANGCHIENG,Wang'chieng
WANGU,Wangu
WANJOHI,Wanjohi
WARANQARA,Waranqara
WARGADUD,Wargadud
WASEGES,Waseges
WASIMBETE,Wasimbete
WASO,Waso
WASWETA II,Wasweta II
WATAMU,Watamu
WAYU,Wayu
WEIWEI,Wei Wei
WEMILABI,Wemilabi
WERU,Weru
WERUGHA,Werugha
WEST ALEGO,West Alego
WEST ASEMBO,West Asembo
WEST BUKUSU,West Bukusu
WEST BUNYORE,West Bunyore
WEST GEM,West Gem
WEST KABRAS,West Kabras
WEST KAMAGAK,West Kamagak
WEST KANYAMKAGO,West Kanyamkago
WEST KARACHUONYO,West Karachuonyo
WEST KASIPUL,West Kasipul
WEST KISUMU,West Kisumu
WEST NALONDO,West Nalondo
WEST NYAKACH,West Nyakach
WEST SABATIA,West Sabatia
WEST SAKWA,West Sakwa
WEST SANG'ALO,West Sang'alo
WEST SEME,West Seme
WEST UGENYA,West Ugenya
WEST UYOMA,West Uyoma
WEST YIMBO,West Yimbo
WIGA,Wiga
WITEITHIE,Witeithie
WITU,Witu
WODANGA,Wodanga
WOODLEY/KENYATTA GOLF COURSE,Woodley / Kenyatta Golf Course
WOTE,Wote
WUMINGU/KISHUSHE,Wumingu / Kishushe
WUNDANYI/MBALE,Wundanyi / Mbale
WUSI/KISHAMBA,Wusi / Kishamba
YALA TOWNSHIP,Yala Township
YIMBO EAST,Yimbo East
ZIMMERMAN,Zimmerman
ZIWA,Ziwa
ZIWA LA NG'OMBE,Ziwa La Ng'ombe
ZIWANI/KARIOKOR,Ziwani / Kariokor
ZOMBE/MWITIKA,Zombe / Mwitika
MOROTHILE,Marothile
MUVAU/KIKUUMINI,Muvau / Kikumini
LELMOKWO/NGECHEK,Lelmoko / Ngechek
BUKHAYO NORTH/WALTSI,Bukhayo North / Walatsi
MAKERERO,Mokerero
SAGALLA,Sagala
ILMOTIOK,Ilmotiook
KAKSINGRI WEST,Kaksingiri West
BUKIRA CENTRL/IKEREGE,Bukira Central / Ikerege
NJUKIINI,Njukiine
OLPUSIMORU,Olposimoru
DEDAN KIMANTHI,Dedan Kimathi
TINDIRET,Tinderet
KIPTUYA,Kiptuiya
MURINDATI,Murindat
LABASIGALE,Labisgale
KABUOCH NORTH,Kabouch North
ENTONET/LENKISIM,Entonet / Lenkism
LOIYAMOROCK,Loiyamorok
RUMA-KAKSINGRI,Ruma - Kaksingiri East
MAALIMIN,Maalamin
LOWER SAVANNAH,Lower Savanna
TULWET/CHUIYAT,Tulwet / Chiyat
SHINOYI-SHIKOMARI-ESUMEYIA,Shinoyi - Shikomari - Esumeiya
NAMBALE TOWNSHIP,Nambale
UPPER SAVANNAH,Upper Savanna
NDARUGU,Ndarugo
MACKINNON ROAD,Mackinon Road
MUTITO/KALIKU,Mutitu / Kaliku
PORO,Porro
INGOSTSE-MATHIA,Ingotse - Matiha
BASI BOGETAORIO,Bassi Bogetaorio
RWANDA,
BIASHARA,
BUNYALA CENTRAL,
BURUNDI,
CENTRAL,
CENTRAL SAKWA,
GITHIGA,
HOSPITAL,
ILDAMAT,
KAPKURES,
KEEKONYOKIE,
LELAN,
MBITINI,
MOSIRO,
MWIKI,
NGINDA,
SHELLA,
SOUTH SAKWA,
TOWNSHIP,
TOWNSHIP,
TOWNSHIP,
TOWNSHIP,
UGANDA,
WARGADUD,
WEST SAKWA,
,Viwanda
