ABAKAILE,Abakaile
ABOGETA EAST,Abogeta East
ABOGETA WEST,Abogeta West
ABOTHUGUCHI CENTRAL,Abothuguchi Central
ABOTHUGUCHI WEST,Abothuguchi West
ADAMASAJIDE,Adamasajide
ADU,Adu
AGENG'A NANGUBA,Ageng'a Nanguba
AGUTHI-GAAKI,Aguthi - Gaaki
AHERO,Ahero
AINABKOI/OLARE,Ainabkoi / Olare
AINAMOI,Ainamoi
AIRBASE,Airbase
AIRPORT,Airport
AKACHIU,Akachiu
AKIRANG'ONDU,Akirang'ondu
AKITHII,Akithii
ALALE,Alale
ALANGO GOF,Alango Gof
AMALO,Amalo
AMUKURA CENTRAL,Amukura Central
AMUKURA EAST,Amukura East
AMUKURA WEST,Amukura West
AMWATHI,Amwathi
ANG'OROM,Ang'orom
ANG'URAI EAST,Ang'urai East
ANG'URAI NORTH,Ang'urai North
ANG'URAI SOUTH,Ang'urai South
ANGATA BARIKOI,Angata Barikoi
ANGATA NANYOKIE,Angata Nanyokie
ANTUAMBUI,Antuambui
ANTUBETWE KIONGO,Antubetwe Kiongo
ARABIA,Arabia
ARBAJAHAN,Arbajahan
ARROR,Arror
ASHABITO,Ashabito
ATHI,Athi
ATHI RIVER,Athi River
ATHIRU GAITI,Athiru Gaiti
ATHIRU RUUJINE,Athiru Ruujine
ATHWANA,Athwana
AWASI/ONJIKO,Awasi / Onjiko
BAAWA,Baawa
BABA DOGO,Babadogo
BAHARI,Bahari
BAHATI,Bahati
BALAMBALA,Balambala
BAMBA,Bamba
BAMBURI,Bamburi
BANGALE,Bangale
BANISSA,Banissa
BANJA,Banja
BARAGWI,Baragwi
BARAKI,Baraki
BARTABWA,Bartabwa
BARUT,Barut
BARWAGO,Barwago
BARWESSA,Barwessa
BASI BOGETAORIO,Basi Central
BASI CENTRAL,Bassi Bogetaorio
BASUBA,Basuba
BATALU,Batalu
BATEI,Batei
BENANE,Benane
BENANE,Biashara
BIASHARA,Bibirioni
BIASHARA,Bidii
BIASHARA,Birongo
BIBIRIONI,Bobaracho
BIDII,Bobasi / Boitangare
BIRONGO,Bobasi Chache
BOBARACHO,Bofu
BOBASI BOITANGARE,Bogeka
BOBASI CHACHE,Bogetenga
BOFU,Bogiakumu
BOGEKA,Bogichora
BOGETENGA,Bogusero
BOGIAKUMU,Boikanga
BOGICHORA,Boito
BOGUSERO,Bokeira
BOIKANG'A,Bokimonge
BOITO,Bokoli
BOKEIRA,Bomani
BOKIMONGE,Bomariba
BOKOLI,Bombaba Borabu
BOMANI,Bomorenda
BOMARIBA,Bomwagamo
BOMBABA BORABU,Bonyamatuta
BOMORENDA,Boochi / Tendere
BOMWAGAMO,Boochi Borabu
BONYAMATUTA,Borabu / Chitago
BOOCHI BORABU,Bosamaro
BOOCHI/TENDERE,Bosoti / Sengera
BORABU / CHITAGO,Bukembe East
BOSAMARO,Bukembe West
BOSOTI/SENGERA,Bukhayo Central
BUKEMBE EAST,Bukhayo East
BUKEMBE WEST,Bukhayo North / Walatsi
BUKHAYO CENTRAL,Bukhayo West
BUKHAYO EAST,Bukira Central / Ikerege
BUKHAYO NORTH/WALTSI,Bukira East
BUKHAYO WEST,Bulla Mpya
BUKIRA CENTRL/IKEREGE,Bulla Pesa
BUKIRA EAST,Bumula
BULLA MPYA,Bunyala Central
BULLA PESA,Bunyala East
BUMULA,Bunyala North
BUNYALA CENTRAL,Bunyala South
BUNYALA CENTRAL,Bunyala West
BUNYALA EAST,Bura
BUNYALA NORTH,Burat
BUNYALA SOUTH,Burder
BUNYALA WEST,Burumba
BUNYALA WEST,Busali
BURA,Busibwabo
BURA,Butali / Chegulo
BURAT,Bute
BURDER,Butiye
BURUMBA,Butsotso Central
BURUNDI,Butsotso East
BUSALI,Butsotso South
BUSIBWABO,Bwake / Luuya
BUTALI/CHEGULO,Bwiri
BUTE,California
BUTIYE,Central
BUTSOTSO CENTRAL,Central Alego
BUTSOTSO EAST,Central Bunyore
BUTSOTSO SOUTH,Central Gem
BWAKE/LUUYA,Central Kamagambo
BWIRI,Central Kanyamkago
CALIFORNIA,Central Kasipul
CENTRAL,Central Kisumu
CENTRAL,Central Maragoli
CENTRAL,Central Nyakach
CENTRAL  WARD,Central Sakwa
CENTRAL ALEGO,Central Seme
CENTRAL BUNYORE,Chaani
CENTRAL GEM,Chaik
CENTRAL KAMAGAMBO,Chakol North
CENTRAL KANYAMKAGO,Chakol South
CENTRAL KASIPUL,Chala
CENTRAL KISUMU,Changamwe
CENTRAL MARAGOLI,Chania
CENTRAL NYAKACH,Charagita
CENTRAL SAKWA,Chari
CENTRAL SAKWA,Chasimba
CENTRAL SEME,Chavakali
CHAANI,Chawia
CHAIK,Cheboin
CHAKOL NORTH,Chebunyo
CHAKOL SOUTH,Chekalini
CHALA,Chemagel
CHANGAMWE,Chemaner
CHANIA,Chemelil
CHARAGITA,Chemelil / Chemase
CHARI,Chemosot
CHASIMBA,Chemuche
CHAVAKALI,Chemundu / Kapng'etuny
CHAWIA,Chengoni / Samburu
CHEBOIN,Chepareria
CHEBUNYO,Chepchabas
CHEKALINI,Chepchoina
CHEMAGEL,Chepkorio
CHEMANER,Chepkumia
CHEMELIL,Chepkunyuk
CHEMELIL/CHEMASE,Cheplanget
CHEMOSOT,Chepseon
CHEMUCHE,Chepsiro / Kiptoror
CHEMUNDU/KAPNG'ETUNY,Cheptais
CHENGONI/SAMBURU,Chepterwai
CHEPARERIA,Cheptiret / Kipchamo
CHEPCHABAS,Cheptororiet / Seretut
CHEPCHOINA,Chepyuk
CHEPKORIO,Cherab
CHEPKUMIA,Cherangany / Suwerwa
CHEPKUNYUK,Cherang’any / Chebororwa
CHEPLANGET,Chesikaki
CHEPSEON,Chesoen
CHEPSIRO/KIPTOROR,Chevaywa
CHEPTAIS,Chewani
CHEPTERWAI,Chewele
CHEPTIRET/KIPCHAMO,Chiakariga
CHEPTORORIET/SERETUT,Chilchila
CHEPYUK,Chinga
CHERAB,Chogoria
CHERANG'ANY/CHEBORORWA,Chuluni
CHERANGANY/SUWERWA,Churo / Amaya
CHESIKAKI,Cianda
CHESOEN,Clay City
CHEVAYWA,Dabaso
CHEWANI,Dadaab
CHEWELE,Dadaja Bulla
CHIAKARIGA,Dalalekutuk
CHILCHILA,Damajale
CHINGA,Danaba
CHOGORIA,Dandora Area I
CHULUNI,Dandora Area II
CHURO/AMAYA,Dandora Area III
CIANDA,Dandora Area IV
CLAY CITY,Dandu
DABASO,Danyere
DADAAB,Dedan Kimathi
DADAJA BULLA,Dekaharia
DALALEKUTUK,Della
DAMAJALE,Derkhale
DANABA,Dertu
DANDORA AREA I,Diif
DANDORA AREA II,Dukana
DANDORA AREA III,Dundori
DANDORA AREA IV,Dzombo
DANDU,East Asembo
DANYERE,East Gem
DEDAN KIMANTHI,East Kabras
DEKAHARIA,East Kamagak
DELLA,East Kamagambo
DERKHALE,East Kano / Wawidhi
DERTU,East Kanyamkago
DIIF,East Sang'alo
DUKANA,East Seme
DUNDORI,East Ugenya
DZOMBO,East Wanga
EAST ASEMBO,Eastleigh North
EAST GEM,Eastleigh South
EAST GEM,Ekalakala
EAST KABRAS,Ekerenyo
EAST KAMAGAK,El - Barta
EAST KAMAGAMBO,Elben
EAST KANO/WAWIDHI,Elburgon
EAST KANYAMKAGO,Eldas
EAST SANG'ALO,Elementaita
EAST SEME,Elgon
EAST UGENYA,Elnur / Tula Tula
EAST WANGA,Elugulu
EASTLEIGH NORTH,Elwak North
EASTLEIGH SOUTH,Elwak South
EKALAKALA,Emabungo
EKERENYO,Emali / Mulala
EL-BARTA,Embakasi
ELBEN,Embobut / Embulot
ELBURGON,Embomos
ELDAS,Emining
ELEMENTAITA,Emsoo
ELGON,Endau / Malalani
ELNUR/TULA TULA,Endebess
ELUGULU,Endo
ELWAK NORTH,Endugh
ELWAK SOUTH,Engineer
EMABUNGO,Entonet / Lenkism
EMALI/MULALA,Esise
EMBAKASI,Etenje
EMBOBUT / EMBULOT,Evurore
EMBOMOS,Ewalel / Chapchap
EMINING,Ewuaso Oo Nkidong'i
EMSOO,Fafi
ENDAU/MALALANI,Faza
ENDEBESS,Fino
ENDO,Flamingo
ENDUGH,Frere Town
ENGINEER,Gachuba
ENTONET/LENKISIM,Gaichanjiru
ESISE,Gakawa
ETENJE,Galbet
EVURORE,Ganda
EWALEL/CHAPCHAP,Ganga
EWUASO OoNKIDONG'I,Ganyure / Wagalla
FAFI,Ganze
FAZA,Garashi
FINO,Garba Tulla
FLAMINGO,Garsen Central
FRERE TOWN,Garsen North
GACHUBA,Garsen South
GAICHANJIRU,Garsen West
GAKAWA,Gatanga
GALBET,Gatarakwa
GANDA,Gathanji
GANGA,Gathara
GANYURE/WAGALLA,Gathigiriri
GANZE,Gatimu
GARASHI,Gatina
GARBATULLA,Gatitu / Muruguru
GARSEN CENTRAL,Gatongora
GARSEN NORTH,Gatuanyaga
GARSEN SOUTH,Gatunga
GARSEN WEST,Gaturi
GATANGA,Gaturi North
GATARAKWA,Gaturi South
GATHANJI,Gembe
GATHARA,Gesima
GATHIGIRIRI,Gesusu
GATIMU,Geta
GATINA,Getenga
GATITU/MURUGURU,Gikondi
GATONGORA,Gilgil
GATUANYAGA,Gisambai
GATUNGA,Gitaru
GATURI,Githabai
GATURI NORTH,Gither
GATURI SOUTH,Githiga
GEMBE,Githioro
GESIMA,Githobokoni
GESUSU,Githunguri
GETA,Githurai
GETENGA,Gitothua
GIKONDI,Gituamba
GILGIL,Gitugi
GISAMBAI,God Jope
GITARU,Godoma
GITHABAI,Gokeharaka / Getambwega
GITHER,Golbo
GITHIGA,Gombato Bongwe
GITHIGA,Gongoni
GITHIORO,Goreale
GITHOBOKONI,Got Kachola
GITHUNGURI,Guba
GITHURAI,Gurar
GITOTHUA,Guticha
GITUAMBA,Gwassi North
GITUGI,Gwassi South
GOD JOPE,Habasswein
GODOMA,Hadado / Athibohol
GOKEHARAKA/GETAMBWEGA,Harambee
GOLBO,Heillu / Manyatta
GOMBATO BONGWE,Hellsgate
GONGONI,Hindi
GOREALE,Hirimani
GOT KACHOLA,Homa Bay Arujo
GUBA,Homa Bay Central
GURAR,Homa Bay East
GUTICHA,Homa Bay West
GWASSI NORTH,Hongwe
GWASSI SOUTH,Hospital
HABASSWEIN,Hulugho
HADADO/ATHIBOHOL,Huruma
HARAMBEE,Ibeno
HEILLU/MANYATTA,Ibrahim Ure
HELLS GATE,Ichagaki
HINDI,Ichuni
HIRIMANI,Idakho Central
HOMA BAY ARUJO,Idakho East
HOMA BAY CENTRAL,Idakho North
HOMA BAY EAST,Idakho South
HOMA BAY WEST,Iftin
HONGWE,Igambang'ombe
HOSPITAL,Igembe East
HOSPITAL,Igoji East
HOSPITAL,Igoji West
HULUGHO,Igwamiti
HURUMA,Ijara
HURUMA,Ikanga / Kyatune
IBENO,Ikinu
IBRAHIM URE,Ikombe
ICHAGAKI,Ikutha
ICHUNI,Ilchamus
IDAKHO CENTRAL,Ildamat
IDAKHO EAST,Ilima
IDAKHO NORTH,Ilkerin
IDAKHO SOUTH,Illeret
IFTIN,Ilmotiook
IGAMBANG'OMBE,Iloodokilani
IGEMBE EAST,Imara Daima
IGOJI EAST,Imaroro
IGOJI WEST,Imbirikani / Eselenkei
IGWAMITI,Ingotse - Matiha
IJARA,Inoi
IKANGA/KYATUNE,Iria - Ini
IKINU,Iriaini
IKOMBE,Isibania
IKUTHA,Isukha Central
ILCHAMUS,Isukha East
ILDAMAT,Isukha North
ILDAMAT,Isukha South
ILIMA,Isukha West
ILKERIN,Ithanga
ILLERET,Ithiru
ILMOTIOK,Itibo
ILOODOKILANI,Ivingoni / Nzambani
IMARA DAIMA,Jarajara
IMARORO,Jarajila
INGOSTSE-MATHIA,Jaribuni
INOI,Jepkoyai
IRIA-INI,Jilore
IRIAINI,Jomvu Kuu
ISIBANIA,Juja
ISUKHA CENTRAL,Junda
ISUKHA EAST,Junju
ISUKHA NORTH,Kaaleng / Kaikor
ISUKHA SOUTH,Kabare
ISUKHA WEST,Kabarnet
ITHANGA,Kabartonjo
ITHIRU,Kabaru
ITIBO,Kabatini
IVINGONI/NZAMBANI,Kabazi
JARA JARA,Kabete
JARAJILA,Kabianga
JARIBUNI,Kabiemit
JEPKOYAI,Kabiro
JILORE,Kabisaga
JOMVU KUU,Kabiyet
JUJA,Kabondo East
JUNDA,Kabondo West
JUNJU,Kabonyo / Kanyagwal
KAALENG/KAIKOR,Kabouch North
KABARE,Kabuchai / Chwele
KABARNET,Kabula
KABARTONJO,Kabuoch South / Pala
KABARU,Kabwareng
KABATINI,Kachieng'
KABAZI,Kadzandani
KABETE,Kaeris
KABIANGA,Kagaari North
KABIEMIT,Kagaari South
KABIRO,Kagan
KABISAGA,Kagundu - Ini
KABIYET,Kahawa
KABONDO EAST,Kahawa / Sukari
KABONDO WEST,Kahawa Wendani
KABONYO/KANYAGWAL,Kahawa West
KABUCHAI/CHWELE,Kahumbu
KABULA,Kaimbaga
KABUOCH NORTH,Kajulu
KABUOCH SOUTH/PALA,Kakrao
KABWARENG,Kaksingiri West
KACHIEN'G,Kakuma
KADZANDANI,Kakuyuni
KAERIS,Kakuzi / Mitubiri
KAGAARI NORTH,Kalama
KAGAARI SOUTH,Kalapata
KAGAN,Kalawa
KAGUNDU-INI,Kaler
KAHAWA,Kalimoni
KAHAWA SUKARI,Kalobeyei
KAHAWA WENDANI,Kalokol
KAHAWA WEST,Kaloleni
KAHUMBU,Kamacharia
KAIMBAGA,Kamagut
KAJULU,Kamahuha
KAKRAO,Kamakwa / Mukaro
KAKSINGRI WEST,Kamara
KAKUMA,Kamariny
KAKUYUNI,Kamasian
KAKUZI/MITUBIRI,Kambe / Ribe
KALAMA,Kambiti
KALAPATA,Kamburu
KALAWA,Kamenu
KALER,Kamukuywa
KALIMONI,Kanamkemer
KALOBEYEI,Kangai
KALOKOL,Kangari
KALOLENI,Kangemi
KALOLENI,Kangeta
KAMACHARIA,Kangundo Central
KAMAGUT,Kangundo East
KAMAHUHA,Kangundo North
KAMAKWA/MUKARO,Kangundo West
KAMARA,Kang’atotha
KAMARINY,Kanjuiri Range
KAMASIAN,Kanuni
KAMBE/RIBE,Kanyadoto
KAMBITI,Kanyaluo
KAMBURU,Kanyamwa Kologi
KAMENU,Kanyamwa Kosewe
KAMUKUYWA,Kanyangi
KANAMKEMER,Kanyasa
KANG'ATOTHA,Kanyekini
KANGAI,Kanyenya - Ini
KANGARI,Kanyikela
KANGEMI,Kanziko
KANGETA,Kapchemutwa
KANGUNDO CENTRAL,Kapchok
KANGUNDO EAST,Kapchorua
KANGUNDO NORTH,Kapedo / Napeitom
KANGUNDO WEST,Kapenguria
KANJUIRI RANGE,Kapkangani
KANUNI,Kapkateny
KANYADOTO,Kapkatet
KANYALUO,Kapkugerwet
KANYAMWA KOLOGI,Kapkures
KANYAMWA KOSEWE,Kaplamai
KANYANGI,Kaplelartet
KANYASA,Kapletundo
KANYEKINI,Kapomboi
KANYENYA-INI,Kapropita
KANYIKELA,Kapsabet
KANZIKO,Kapsaos
KAPCHEMUTWA,Kapsasian
KAPCHOK,Kapsimotwo
KAPCHORUA,Kapsoit
KAPEDO/NAPEITOM,Kapsowar
KAPENGURIA,Kapsoya
KAPKANGANI,Kapsuser
KAPKATENY,Kaptagat
KAPKATET,Kaptama
KAPKUGERWET,Kaptarakwa
KAPKURES,Kaptel / Kamoiywo
KAPKURES,Kaptembwo
KAPLAMAI,Kaptumo / Kaboi
KAPLELARTET,Kaputiei North
KAPLETUNDO,Kaputir
KAPOMBOI,Kapyego
KAPROPITA,Karai
KAPSABET,Karama
KAPSAOS,Karare
KAPSAOS,Karatina Town
KAPSASIAN,Karau
KAPSIMOTWO,Karen
KAPSOIT,Kargi / South Horr
KAPSOWAR,Kariara
KAPSOYA,Karima
KAPSUSER,Karingani
KAPTAGAT,Kariobangi North
KAPTAMA,Kariobangi South
KAPTARAKWA,Kariti
KAPTEL/KAMOIYWO,Karumandi
KAPTEMBWO,Karuna / Meibeki
KAPTUMO-KABOI,Karura
KAPUTIEI NORTH,Karuri
KAPUTIR,Kasarani
KAPYEGO,Kasei
KARAI,Kasemeni
KARAMA,Kasgunga
KARARE,Kasigau
KARATINA TOWN,Kasikeu
KARAU,Katangi
KAREN,Kathiani Central
KARGI/SOUTH HORR,Kathonzweni
KARIARA,Katilia
KARIMA,Katilu
KARINGANI,Kauwi
KARIOBANGI NORTH,Kawangware
KARIOBANGI SOUTH,Kayafungo
KARITI,Kayole Central
KARUMANDI,Kayole North
KARUNA/MEIBEKI,Kayole South
KARURA,Kedowa / Kimugul
KARURI,Kee
KASARANI,Keekonyokie
KASEI,Kegogi
KASEMENI,Keiyo
KASGUNGA,Kembu
KASIGAU,Kemeloi - Maraba
KASIKEU,Kemera
KATANGI,Kendu Bay Town
KATHIANI CENTRAL,Kenyawa - Poka
KATHONZWENI,Keringet
KATILIA,Kerio Delta
KATILU,Kerugoya
KAUWI,Keumbu
KAWANGWARE,Keyian
KAYAFUNGO,Khalaba
KAYOLE CENTRAL,Khalalio
KAYOLE NORTH,Khasoko
KAYOLE SOUTH,Kholera
KEDOWA/KIMUGUL,Khorof / Harar
KEE,Kiabonyoru
KEEKONYOKIE,Kiagu
KEEKONYOKIE,Kiamaiko
KEGOGI,Kiamaina
KEIYO,Kiambere
KEMBU,Kiamokama
KEMELOI-MARABA,Kiamwangi
KEMERA,Kianjai
KENDU BAY TOWN,Kibarani
KENYAWA-POKA,Kibauni
KERINGET,Kibingei
KERIO DELTA,Kibiri
KERUGOYA,Kibirichia
KEUMBU,Kibish
KEYIAN,Kiegoi / Antubochiu
KHALABA,Kiganjo
KHALABA,Kiganjo / Mathari
KHALALIO,Kiguchwa
KHASOKO,Kigumo
KHOLERA,Kihara
KHOROF/HARAR,Kihingo
KIABONYORU,Kihumbu - Ini
KIAGU,Kiima Kiu / Kalanzoni
KIAMAIKO,Kiine
KIAMAINA,Kiirua / Naari
KIAMBERE,Kijabe
KIAMOKAMA,Kikumbulyu North
KIAMWANGI,Kikumbulyu South
KIANJAI,Kikuyu
KIBARANI,Kileleshwa
KIBAUNI,Kilgoris Central
KIBINGEI,Kilibwoni
KIBIRI,Kilimani
KIBIRICHIA,Kiliwehiri
KIBISH,Kilungu
KIEGOI/ANTUBOCHIU,Kimaeti
KIGANJO,Kimana
KIGANJO/MATHARI,Kimilili
KIGUCHWA,Kiminini
KIGUMO,Kimintet
KIHARA,Kimorori / Wempa
KIHINGO,Kimulot
KIHUMBU-INI,Kimumu
KIIMA KIU/KALANZONI,Kinakomba
KIINE,Kinale
KIIRUA/NAARI,Kinango
KIJABE,Kinanie
KIKUMBULYU NORTH,Kingandole
KIKUMBULYU SOUTH,Kinna
KIKUYU,Kinondo
KILELESHWA,Kinoo
KILGORIS CENTRAL,Kinyona
KILIBWONI,Kinyoro
KILIMANI,Kiogoro
KILIWEHIRI,Kiomo / Kyethani
KILUNGU,Kipchebor
KIMAETI,Kipchimchim
KIMANA,Kipevu
KIMILILI,Kipini East
KIMININI,Kipini West
KIMINTET,Kipipiri
KIMORORI/WEMPA,Kipkaren
KIMULOT,Kipkelion
KIMUMU,Kipkenyo
KINAKOMBA,Kiplombe
KINALE,Kipreres
KINANGO,Kipsomba
KINANIE,Kipsonoi
KINGANDOLE,Kiptagich
KINNA,Kiptororo
KINONDO,Kiptuiya
KINOO,Kiriita
KINYONA,Kirimari
KINYORO,Kirimukuyu
KIOGORO,Kiru
KIOMO/KYETHANI,Kisa Central
KIPCHEBOR,Kisa East
KIPCHIMCHIM,Kisa North
KIPEVU,Kisa west
KIPINI EAST,Kisanana
KIPINI WEST,Kisasi
KIPIPIRI,Kisiara
KIPKAREN,Kisii Central
KIPKELION,Kisima
KIPKENYO,Kisumu North
KIPLOMBE,Kitengela
KIPRERES,Kiteta - Kisau
KIPSOMBA,Kithimani
KIPSONOI,Kithimu
KIPTAGICH,Kithungo / Kitundu
KIPTORORO,Kitise / Kithuki
KIPTUYA,Kitisuru
KIRIITA,Kitutu Central
KIRIMARI,Kiunga
KIRIMUKUYU,Kiuu
KIRU,Kivaa
KISA CENTRAL,Kivou
KISA EAST,Kivumbini
KISA NORTH,Kiwawa
KISA WEST,Kobujoi
KISANANA,Kobura
KISASI,Kochia
KISIARA,Kodich
KISII CENTRAL,Koibatek
KISIMA,Kojwach
KISUMU NORTH,Kokwanyo / Kakelo
KITENGELA,Kola
KITETA/KISAU,Kolowa
KITHIMANI,Kolwa Central
KITHIMU,Kolwa East
KITHUNGO/KITUNDU,Komarock
KITISE/KITHUKI,Komothai
KITISURU,Kondele
KITUTU   CENTRAL,Kong'asis
KIUNGA,Kongoni
KIUU,Kongowea
KIVAA,Konyu
KIVOU,Korogocho
KIVUMBINI,Korondile
KIWAWA,Korr / Ngurunit
KOBUJOI,Kosirai
KOBURA,Kotaruk / Lobei
KOCHIA,Koyo / Ndurio
KODICH,Koyonzo
KOIBATEK,Kubo South
KOJWACH,Kuinet / Kapsuswa
KOKWANYO/KAKELO,Kuku
KOLA,Kunyak
KOLOWA,Kurgung / Surungai
KOLWA CENTRAL,Kutulo
KOLWA EAST,Kwa
KOMAROCK,Kwa Njenga
KOMOTHAI,Kwa Reuben
KONDELE,Kwabwai
KONG'ASIS,Kwamutonga / Kithumula
KONGONI,Kwanza
KONGOWEA,Kware
KONYU,Kwavonza / Yatta
KOROGOCHO,Kyangwithya East
KORONDILE,Kyangwithya West
KORR/NGURUNIT,Kyeleni
KOSIRAI,Kyeni North
KOTARUK/LOBEI,Kyeni South
KOYO-NDURIO,Kyome / Thaana
KOYONZO,Kyuso
KUBO SOUTH,Labisgale
KUINET/KAPSUSWA,Lafey
KUKU,Lagboghol South
KUNYAK,Lagsure
KURGUNG/SURUNGAI,Laini Saba
KUTULO,Laisamis
KWA,Lake View
KWA MUTONGA/KITHUMULA,Lakezone
KWA NJENGA,Lakoley South / Basir
KWA REUBEN,Lambwe
KWABWAI,Landimawe
KWANZA,Lanet / Umoja
KWARE,Langas
KWAVONZA/YATTA,Lapur
KYANGWITHYA EAST,Lare
KYANGWITHYA WEST,Lari / Kirenga
KYELENI,Lelan
KYENI NORTH,Lelmoko / Ngechek
KYENI SOUTH,Lembus
KYOME/THAANA,Lembus / Perkerra
KYUSO,Lembus Kwen
LABASIGALE,Leshau / Pondo
LAFEY,Letea
LAGBOGHOL SOUTH,Libehia
LAGSURE,Liboi
LAINI SABA,Likoni
LAISAMIS,Likuyani
LAKE VIEW,Limuru Central
LAKE ZONE,Limuru East
LAKOLEY SOUTH/BASIR,Lindi
LAMBWE,Litein
LANDIMAWE,Lobokat
LANET/UMOJA,Lodokejek
LANGAS,Lodwar Township
LAPUR,Logologo
LARE,Loima
LARI/KIRENGA,Loita
LELAN,Loiyamorok
LELAN,Loiyangalani
LELMOKWO/NGECHEK,Lokichar
LEMBUS,Lokichoggio
LEMBUS KWEN,Lokiriama / Lorengippi
LEMBUS/PERKERRA,Lokori / Kochodin
LESHAU/PONDO,Lolgorian
LETEA,Lomut
LIBEHIA,Londiani
LIBOI,London
LIKONI,Longisa
LIKUYANI,Loosuk
LIMURU CENTRAL,Lopur
LIMURU EAST,Lower Kaewa / Kaani
LINDI,Lower Savanna
LITEIN,Luanda South
LOBOKAT,Luanda Township
LODOKEJEK,Lucky Summer
LODWAR TOWNSHIP,Lugaga - Wamuluma
LOGO LOGO,Lugari
LOIMA,Lumakanda
LOITA,Lusheya / Lubinu
LOIYAMOROCK,Lwandanyi
LOIYANGALANI,Lwandeti
LOKICHAR,Lyaduywa / Izava
LOKICHOGGIO,Maalamin
LOKIRIAMA/LORENGIPPI,Mabatini
LOKORI/KOCHODIN,Macalder / Kanyarwanda
LOLGORIAN,Machakos Central
LOMUT,Machewa
LONDIANI,Mackinon Road
LONDON,Madogo
LONGISA,Maeni
LOOSUK,Magadi
LOPUR,Magarini
LOWER KAEWA/KAANI,Magenche
LOWER SAVANNAH,Magogoni
LUANDA SOUTH,Magombo
LUANDA TOWNSHIP,Magumoni
LUCKY SUMMER,Magumu
LUGAGA-WAMULUMA,Magutu
LUGARI,Magwagwa
LUMAKANDA,Mahiakalo
LUSHEYA/LUBINU,Mahiga
LWANDANYI,Mahoo
LWANDETI,Mai mahiu
LYADUYWA/IZAVA,Maiella
MAALIMIN,Maikona
MABATINI,Majengo
MACALDER/KANYARWANDA,Maji Moto / Naroosura
MACHAKOS CENTRAL,Majoge Basi
MACHEWA,Makima
MACKINNON ROAD,Makina
MADOGO,Makindu
MAENI,Makongeni
MAGADI,Makutano
MAGARINI,Makutano / Mwala
MAGENCHE,Makuyu
MAGOGONI,Malaba Central
MAGOMBO,Malaba North
MAGUMONI,Malaba South
MAGUMU,Malaha / Isongo / Makun ga
MAGUTU,Malakisi / South Kulisiru
MAGWAGWA,Malewa West
MAHIAKALO,Malindi Town
MAHIGA,Malkagufu
MAHOO,Malkamari
MAI MAHIU,Manda - Shivanga
MAIELLA,Manga
MAIKONA,Mang’u
MAJENGO,Manyatta B
MAJIMOTO/NAROOSURA,Mara
MAJOGE BASI,Marachi Central
MAKERERO,Marachi East
MAKIMA,Marachi North
MAKINA,Marachi West
MAKINDU,Marafa
MAKONGENI,Maraka
MAKUTANO,Marakaru / Tuuti
MAKUTANO/ MWALA,Maralal
MAKUYU,Marama Central
MALABA CENTRAL,Marama North
MALABA NORTH,Marama South
MALABA SOUTH,Marama West
MALAHA/ISONGO/MAKUNGA,Marani
MALAKISI/SOUTH KULISIRU,Marenyo - Shianda
MALEWA WEST,Mariakani
MALINDI TOWN,Mariani
MALKAGUFU,Mariashoni
MALKAMARI,Marigat
MANDA-SHIVANGA,Marimanti
MANG'U,Maringo / Hamza
MANGA,Market Milimani
MANYATTA 'B',Marmanet
MARA,Marothile
MARACHI CENTRAL,Marsabit Central
MARACHI EAST,Marungu
MARACHI NORTH,Masaba
MARACHI WEST,Masalani
MARAFA,Masige East
MARAKA,Masige West
MARAKARU/TUUTI,Masii
MARALAL,Masimba
MARAMA CENTRAL,Masinga Central
MARAMA NORTH,Masogo / Nyang'oma
MARAMA SOUTH,Masongaleni
MARAMA WEST,Masool
MARANI,Mata
MARENYO - SHIANDA,Matapato North
MARIAKANI,Matapato South
MARIANI,Matayos South
MARIASHONI,Mathare North
MARIGAT,Matinyani
MARIMANTI,Matisi
MARINGO/HAMZA,Matopeni / Spring Valley
MARKET MILIMANI,Matsangoni
MARMANET,Matulo
MARSABIT CENTRAL,Matumbei
MARUNGU,Matungulu East
MASABA,Matungulu North
MASALANI,Matungulu West
MASIGE EAST,Matuu
MASIGE WEST,Mau Narok
MASII,Maua
MASIMBA,Mauche
MASINGA CENTRAL,Mautuma
MASOGO/NYANG'OMA,Mavindini
MASONGALENI,Mavuria
MASOOL,Mayenje
MATA,Mayoni
MATAPATO NORTH,Mbakalo
MATAPATO SOUTH,Mbaruk / Eburu
MATAYOS SOUTH,Mbeti North
MATHARE NORTH,Mbeti South
MATINYANI,Mbeu
MATISI,Mbiri
MATOPENI/SPRING VALLEY,Mbitini
MATSANGONI,Mbiuni
MATULO,Mboghoni
MATUMBEI,Mbololo
MATUNGULU EAST,Mbooni
MATUNGULU NORTH,Megun
MATUNGULU WEST,Mekenene
MATUU,Melelo
MAU NAROK,Melili
MAUA,Menengai
MAUCHE,Menengai west
MAUTUMA,Merigi
MAVINDINI,Metkei
MAVURIA,Mfangano Island
MAYENJE,Miambani
MAYONI,Migosi
MBAKALO,Migwani
MBARUK/EBURU,Mihango
MBETI NORTH,Mihuu
MBETI SOUTH,Mikindani
MBEU,Mikinduni
MBIRI,Mikinduri
MBIRIKANI/ESELENKEI,Milima
MBITINI,Mirangine
MBITINI,Miritini
MBIUNI,Misikhu
MBOGHONI,Mitaboni
MBOLOLO,Mitheru
MBOONI,Mitunguu
MEGUN,Miwani
MEKENENE,Mjambere
MELELO,Mji wa Kale / Makadara
MELILI,Mkomani
MENENGAI,Mkongani
MENENGAI WEST,Mkunumbi
MERIGI,Mlango Kubwa
METKEI,Mnagei
MFANGANO ISLAND,Mnarani
MIAMBANI,Mochongoi
MIGOSI,Modogashe
MIGWANI,Mogogosiek
MIHANGO,Mogondo
MIHUU,Mogotio
MIKINDANI,Moi's Bridge
MIKINDUNI,Moiben
MIKINDURI,Moiben / Kuserwo
MILIMA,Mokerero
MIRANGINE,Molo
MIRITINI,Monyerero
MISIKHU,Mosiro
MITABONI,Mosop
MITHERU,Moticho
MITUNGUU,Motosiet
MIWANI,Mountain View
MJAMBERE,Mowlem
MJI WA KALE/MAKADARA,Moyale Township
MKOMANI,Mtepeni
MKOMANI,Mtito Andei
MKONGANI,Mtongwe
MKUNUMBI,Mtopanga
MLANGO KUBWA,Mua
MNAGEI,Muchatha
MNARANI,Mugogodo East
MOCHONGOI,Mugogodo West
MODOGASHE,Mugoiri
MOGOGOSIEK,Muguga
MOGONDO,Mugumo - Ini
MOGOTIO,Mugunda
MOI'S BRIDGE,Muguru
MOIBEN,Mugwe
MOIBEN/KUSERWO,Muhoroni Koru
MOLO,Muhudu
MONYERERO,Muhuru
MOROTHILE,Mui
MOSIRO,Mukaa
MOSIRO,Mukothima
MOSOP,Mukure
MOTICHO,Mukurwe - Ini Central
MOTOSIET,Mukurwe - Ini West
MOUNTAIN VIEW,Mukutani
MOWLEM,Mukuyuni
MOYALE TOWNSHIP,Mulango
MTEPENI,Mumberes / Maji Mazuri
MTITO ANDEI,Mumbuni North
MTONGWE,Mumias Central
MTOPANGA,Mumias North
MUA,Muminji
MUCHATHA,Mumoni
MUGOGODO EAST,Mungoma
MUGOGODO WEST,Municipality
MUGOIRI,Murarandia
MUGUGA,Murera
MUGUMO-INI,Murhanda
MUGUMU-INI,Murindat
MUGUNDA,Murinduko
MUGURU,Muruka
MUGWE,Murungaru
MUHORONI/KORU,Musanda
MUHUDU,Musikoma
MUHURU,Mutarakwa
MUI,Mutha
MUKAA,Muthambi
MUKOTHIMA,Muthara
MUKURE,Muthesya
MUKURWE-INI CENTRAL,Muthetheni
MUKURWE-INI WEST,Muthithi
MUKUTANI,Muthwani
MUKUYUNI,Mutira
MULANGO,Mutithi
MUMBERES/MAJI MAZURI,Mutitu / Kaliku
MUMBUNI NORTH,Mutituni
MUMIAS CENTRAL,Mutomo
MUMIAS NORTH,Mutonguni
MUMINJI,Mutu - ini
MUMONI,Muvau / Kikumini
MUNGOMA,Muvuti / Kiima - Kimwe
MUNICIPALITY,Mwakirunge
MURARANDIA,Mwanamwinga
MURERA,Mwanda / Mgange
MURHANDA,Mwanganthia
MURINDATI,Mwarakaya
MURINDUKO,Mwatate
MURUKA,Mwavumbo
MURUNGARU,Mwawesa
MUSANDA,Mwea
MUSIKOMA,Mweiga
MUTARAKWA,Mwereni
MUTHA,Mwibona
MUTHAMBI,Mwihoko
MUTHARA,Mwiki
MUTHESYA,Mwimbi
MUTHETHENI,Mwiyogo / Endarasha
MUTHITHI,Naathu
MUTHWANI,Nabiswa
MUTIRA,Nachola
MUTITHI,Nachu
MUTITO/KALIKU,Naikarra
MUTITUNI,Nairobi Central
MUTOMO,Nairobi South
MUTONGUNI,Nairobi West
MUTU-INI,Naitiri / Kabuyefwe
MUVAU/KIKUUMINI,Naivasha East
MUVUTI/KIIMA-KIMWE,Nakalale
MWAKIRUNGE,Nakuru East
MWANAMWINGA,Namamali
MWANDA/MGANGE,Nambale
MWANGANTHIA,Namboboto - Nambuku
MWARAKAYA,Namwela
MWATATE,Nanaam
MWAVUMBO,Nandi Hills
MWAWESA,Nangina
MWEA,Nanighi
MWEIGA,Nanyuki
MWERENI,Narok Town
MWIBONA,Naromoru / Kiamathaga
MWIHOKO,Ndalani
MWIKI,Ndalat
MWIKI,Ndalu
MWIMBI,Ndanai / Abosi
MWIYOGO/ENDARASHA,Ndaraweta
NAATHU,Ndarugo
NABISWA,Ndavaya
NACHOLA,Ndeiya
NACHU,Ndenderu
NAIKARRA,Ndithini
NAIROBI CENTRAL,Ndivisi
NAIROBI SOUTH,Ndoto
NAIROBI WEST,Ndumberi
NAITIRI/KABUYEFWE,Neboi
NAIVASHA EAST,Nessuit
NAKALALE,Ng'araria
NAKURU EAST,Ngando
NAMAMALI,Ngara
NAMBALE TOWNSHIP,Ngare Mara
NAMBOBOTO NAMBUKU,Ngariama
NAMWELA,Ngecha Tigoni
NANAAM,Ngei
NANDI HILLS,Ngenda
NANGINA,Ngenyilel
NANIGHI,Ngeria
NANYUKI,Ngewa
NAROK TOWN,Nginda
NAROMORU KIAMATHAGA,Ngobit
NDALANI,Ngolia
NDALAT,Ngoliba
NDALU/ TABANI,Ngomeni
NDANAI/ABOSI,Ngong
NDARAWETA,Nguni
NDARUGU,Nguu / Masumba
NDAVAYA,Nguumo
NDEIYA,Nguutani
NDENDERU,Njabini / Kiburu
NDITHINI,Njia
NDIVISI,Njiru
NDOTO,Njoro
NDUMBERI,Njukiine
NEBOI,Nkaimurunya
NESSUIT,Nkareta
NG'ARARIA,Nkomo
NGANDO,Nkondi
NGARA,Nkuene
NGARE MARA,North Alego
NGARIAMA,North East Bunyore
NGECHA TIGONI,North Gem
NGEI,North Horr
NGENDA,North Kadem
NGENYILEL,North Kamagambo
NGERIA,North Kanyamkago
NGEWA,North Karachuonyo
NGINDA,North Kinangop
NGINDA,North Maragoli
NGOBIT,North Nyakach
NGOLIA,North Sakwa
NGOLIBA,North Seme
NGOMENI,North Ugenya
NGONG,North Uyoma
NGUNI,North West Kisumu
NGUU/MASUMBA,Nthawa
NGUUMO,Ntima East
NGUUTANI,Ntima West
NJABINI\KIBURU,Ntimaru East
NJIA,Ntimaru West
NJIRU,Ntunene
NJORO,Nuu
NJUKIINI,Nyabasi East
NKAIMURUNYA,Nyabasi West
NKARETA,Nyacheki
NKOMO,Nyadhuna
NKONDI,Nyaki East
NKUENE,Nyaki West
NORTH ALEGO,Nyakio
NORTH EAST BUNYORE,Nyakoe
NORTH GEM,Nyalenda A
NORTH HORR,Nyalenda B
NORTH KADEM,Nyamaiya
NORTH KAMAGAMBO,Nyamasibi
NORTH KANYAMKAGO,Nyamosense / Komosoko
NORTH KARACHUONYO,Nyanduma
NORTH KINANGOP,Nyangati
NORTH MARAGOLI,Nyangores
NORTH NYAKACH,Nyansiongo
NORTH SAKWA,Nyatieko
NORTH SAKWA,Nyayo Highrise
NORTH SEME,Nyiro
NORTH UGENYA,Nyota
NORTH UYOMA,Nzambani
NORTH WEST KISUMU,Nzaui / Kilili / Kalamba
NTHAWA,Nzoia
NTIMA EAST,Obbu
NTIMA WEST,Ol - Moran
NTIMARU EAST,Ol'lessos
NTIMARU WEST,Oldo / Nyiro
NTUNENE,Olkaria
NUU,Olkeri
NYABASI EAST,Olokurto
NYABASI WEST,Ololmasani
NYACHEKI,Ololulung'a
NYADHUNA,Oloolua
NYAKI EAST,Oloosirkon / Sholinke
NYAKI WEST,Olorropil
NYAKIO,Olposimoru
NYAKOE,Ombeyi
NYALENDA 'A',Ongata Rongai
NYALENDA B,Pangani
NYAMAIYA,Parklands / Highridge
NYAMASIBI,Pipeline
NYAMOSENSE/KOMOSOKO,Pongwe / Kikoneni
NYANDUMA,Porro
NYANGATI,Port Reitz
NYANGORES,Puma
NYANSIONGO,Pumwani
NYATIEKO,Purko
NYAYO HIGHRISE,Rabai / Kisurutini
NYIRO,Racecourse
NYOTA,Ragana - Oruba
NZAMBANI,Railways
NZAUI/KILILI/KALAMBA,Ramisi
NZOIA,Ravine
OBBU,Rhamu
OL'LESSOS,Rhamu Dimtu
OL-MORAN,Rhoda
OLDO/NYIRO,Riabai
OLKARIA,Riana
OLKERI,Ribkwo
OLOKURTO,Rigoma
OLOLULUNG'A,Riruta
OLOOLUA,Riwo
OLOOSIRKON/SHOLINKE,Rombo
OLORROPIL,Ronge
OLOlMASANI,Rongena / Manaret
OLPUSIMORU,Roysambu
OMBEYI,Ruai
ONGATA RONGAI,Ruchu
PANGANI,Rugi
PARKLANDS/HIGHRIDGE,Ruguru
PIPELINE,Ruguru - Ngandori
PONGWE/KIKONENI,Ruiri / Rwarera
PORO,Ruma - Kaksingiri East
PORT REITZ,Rumuruti Township
PUMA,Rurii
PUMWANI,Ruring'u
PURKO,Ruruma
RABAI/KISURUTINI,Rusinga Island
RACECOURSE,Rware
RAGANA-ORUBA,Rwathia
RAILWAYS,Sabaki
RAMISI,Sabena
RAVINE,Saboti
RHAMU,Sacho
RHAMU-DIMTU,Sagala
RHODA,Sagamian
RIABAI,Sagante / Jaldesa
RIANA,Saimo / Kipsaraman
RIBKWO,Saimo / Soi
RIGOMA,Saka
RIRUTA,Sala
RIWO,Salama
ROMBO,Sambirir
RONG'E,Sameta / Mokwerero
RONGENA/MANARET,Sangailu
ROYSAMBU,Sangalo / Kebulonik
RUAI,Sango
RUCHU,Sankuri
RUGI,Sarang'ombe
RUGURU,Sarman
RUGURU/NGANDORI,Segera
RUIRI/RWARERA,Segero / Barsombe
RUMA-KAKSINGRI,Sekerr
RUMURUTI TOWNSHIP,Sengwer
RURII,Sensi
RURING'U,Sergoit
RURUMA,Sericho
RUSINGA ISLAND,Shaabab
RWANDA,Shamakhokho
RWARE,Shamata
RWATHIA,Shankoe
SABAKI,Shanzu
SABENA,Shauri Moyo Kaloleni
SABOTI,Shella
SACHO,Sheywe
SAGALLA,Shika Adabu
SAGAMIAN,Shimanzi / Ganjoni
SAGANTE/JALDESA,Shimbir Fatuma
SAIMO/KIPSARAMAN,Shimo la Tewa
SAIMO/SOI,Shinoyi - Shikomari - Esumeiya
SAKA  ,Shirere
SALA,Shiru
SALAMA,Shirugu - Mugai
SAMBIRIR,Siana
SAMETA/MOKWERERO,Siaya Township
SANGAILU,Siboti
SANGALO/KEBULONIK,Sidindi
SANGO,Sigomere
SANKURI,Sigona
SARANGOMBE,Sigor
SARMAN,Sigowet
SEGERA,Sikhendu
SEGERO/BARSOMBE,Silale
SEKERR,Silibwet Township
SENGWER,Simat / Kapseret
SENSI,Singorwet
SERGOIT,Sinoko
SERICHO,Sinyerere
SHAABAB,Siongiroi
SHAMAKHOKHO,Sirende
SHAMATA,Sirikwa
SHANKOE,Sitatunga
SHANZU,Sitikho
SHAURIMOYO KALOLENI,Siyoi
SHELLA,Sogoo
SHELLA,Soin
SHEYWE,Sokoke
SHIKA ADABU,Sokoni
SHIMANZI/GANJONI,Solai
SHIMBIR FATUMA,Soliat
SHIMO LA TEWA,Sololo
SHINOYI-SHIKOMARI-ESUMEYIA,Songhor / Soba
SHIRERE,Songot
SHIRU,Sook
SHIRUGU-MUGAI,Sosian
SIANA,South Bukusu
SIAYA TOWNSHIP,South C
SIBOTI,South East Alego
SIDINDI,South East Nyakach
SIGOMERE,South Gem
SIGONA,South Kabras
SIGOR,South Kamagambo
SIGOWET,South Kanyamkago
SIKHENDU,South Kasipul
SILALE,South Maragoli
SILIBWET TOWNSHIP,South Sakwa
SIMAT/KAPSERET,South Uyoma
SINGORWET,South West Kisumu
SINOKO,South West Nyakach
SINYERERE,Soy
SIONGIROI,Soy North
SIRENDE,Soy South
SIRIKWA,Soysambu / Mitua
SITATUNGA,Suam
SITIKHO,Subukia
SIYOI,Suguta Marmar
SOGOO,Suna Central
SOIN,Suswa
SOIN,Syokimau / Mulolongo
SOKOKE,Tabaka
SOKONI,Tagare
SOLAI,Takaba
SOLIAT,Takaba South
SOLOLO,Tala
SONGHOR/SOBA,Tambach
SONGOT,Tambua
SOOK,Tangulbei / Korossi
SOSIAN,Tapach
SOUTH BUKUSU,Tapsagoi
SOUTH C,Tarakwa
SOUTH EAST ALEGO,Tarbaj
SOUTH EAST NYAKACH,Tebere
SOUTH GEM,Tebesonik
SOUTH KABRAS,Tembelio
SOUTH KAMAGAMBO,Tendeno / Sorget
SOUTH KANYAMKAGO,Tenges
SOUTH KASIPUL,Terik
SOUTH MARAGOLI,Tezo
SOUTH SAKWA,Thangatha
SOUTH SAKWA,Thange
SOUTH UYOMA,Tharaka
SOUTH WEST KISUMU,Thegu River
SOUTH WEST NYAKACH,Theta
SOY,Thiba
SOY NORTH,Thingithu
SOY SOUTH,Tigithi
SOYSAMBU/ MITUA,Timau
SUAM,Timbwani
SUBUKIA,Tinderet
SUGUTA MARMAR,Tinet
SUNA CENTRAL,Ting’ang’a
SUSWA,Tirioko
SYOKIMAU/MULOLONGO,Tiwi
TABAKA,Tongaren
TAGARE,Tononoka
TAKABA,Township
TAKABA SOUTH,Tseikuru
TALA,Tsimba Golini
TAMBACH,Tudor
TAMBUA,Tulimani
TANGULBEI/KOROSSI,Tulwet / Chiyat
TANZANIA,Turbi
TAPACH,Turi
TAPSAGOI,Turkwel
TARAKWA,Tuwani
TARBAJ,Ugunja
TEBERE,Ukia
TEBESONIK,Ukunda
TEMBELIO,Ukwala
TENDENO/SORGET,Umande
TENGES,Umoja I
TERIK,Umoja II
TEZO,Upper Kaewa / Iveti
THANGATHA,Upper Savanna
THANGE,Uran
THARAKA,Usonga
THEGU RIVER,Utalii
THETA,Utawala
THIBA,Uthiru
THINGITHU,Uthiru / Ruthimitu
TIGITHI,Vanga
TIMAU,Visoi
TIMBWANI,Viwanda
TINDIRET,Viwandani
TINET,Voo / Kyamatu
TING'ANG'A,Waa
TIRIOKO,Wabera
TIWI,Waberi
TONGAREN,Wagberi
TONONOKA,Waia - Kako
TOWNSHIP,Waita
TOWNSHIP,Waitaluk
TOWNSHIP,Waithaka
TOWNSHIP,Waldai
TOWNSHIP,Wamagana
TOWNSHIP,Wamba East
TOWNSHIP,Wamba North
TOWNSHIP,Wamba West
TOWNSHIP,Wamumu
TSEIKURU,Wamunyu
TSIMBA GOLINI,Wang'chieng
TUDOR,Wangu
TULIMANI,Wanjohi
TULWET/CHUIYAT,Waranqara
TURBI,Wargadud
TURI,Waseges
TURKWEL,Wasimbete
TUWANI,Waso
UGANDA,Wasweta II
UGUNJA,Watamu
UKIA,Wayu
UKUNDA,Wei Wei
UKWALA,Wemilabi
UMANDE,Weru
UMOJA I,Werugha
UMOJA II,West Alego
UPPER KAEWA/IVETI,West Asembo
UPPER SAVANNAH,West Bukusu
URAN,West Bunyore
USONGA,West Gem
UTALII,West Kabras
UTAWALA,West Kamagak
UTHIRU,West Kanyamkago
UTHIRU/RUTHIMITU,West Karachuonyo
VANGA,West Kasipul
VISOI,West Kisumu
VIWANDANI,West Nalondo
VIWANDANI,West Nyakach
VOO/KYAMATU,West Sabatia
WAA,West Sakwa
WABERA,West Sang'alo
WABERI,West Seme
WAGBERI,West Ugenya
WAIA-KAKO,West Uyoma
WAITA,West Yimbo
WAITALUK,Wiga
WAITHAKA,Witeithie
WALDAI,Witu
WAMAGANA,Wodanga
WAMBA EAST,Woodley / Kenyatta Golf Course
WAMBA NORTH,Wote
WAMBA WEST,Wumingu / Kishushe
WAMUMU,Wundanyi / Mbale
WAMUNYU,Wusi / Kishamba
WANGCHIENG,Yala Township
WANGU,Yimbo East
WANJOHI,Zimmerman
WARANQARA,Ziwa
WARGADUD,Ziwa La Ng'ombe
WARGADUD,Ziwani / Kariokor
WASEGES,Zombe / Mwitika
WASIMBETE,
WASO,
WASWETA II,
WATAMU,
WAYU,
WEIWEI,
WEMILABI,
WERU,
WERUGHA,
WEST ALEGO,
WEST ASEMBO,
WEST BUKUSU,
WEST BUNYORE,
WEST GEM,
WEST GEM,
WEST KABRAS,
WEST KAMAGAK,
WEST KANYAMKAGO,
WEST KARACHUONYO,
WEST KASIPUL,
WEST KISUMU,
WEST NALONDO,
WEST NYAKACH,
WEST SABATIA,
WEST SAKWA,
WEST SAKWA,
WEST SANG'ALO,
WEST SEME,
WEST UGENYA,
WEST UYOMA,
WEST YIMBO,
WIGA,
WITEITHIE,
WITU,
WODANGA,
WOODLEY/KENYATTA GOLF COURSE,
WOTE,
WUMINGU/KISHUSHE,
WUNDANYI/MBALE,
WUSI/KISHAMBA,
YALA TOWNSHIP,
YIMBO EAST,
ZIMMERMAN,
ZIWA,
ZIWA LA NG'OMBE,
ZIWANI/KARIOKOR,
ZOMBE/MWITIKA,
